timestamp_utc,bot,woken_by,equity,cash,open_positions,trades_proposed,trades_executed,market_view,no_trade_reason
2026-07-17T02:09:42+00:00,Python,scheduled_rebalance,100000.0,100000.0,none,20,20,rebalance to 20 targets,
2026-07-17T02:10:35+00:00,Python,risk_check,100000.0,100000.0,none,0,0,midday defensive check: no positions,no position breached the intraday stop; defense-only check adds no risk
2026-07-17T18:19:11+00:00,Python,scheduled_rebalance,101189.6,58816.72,ALB:22.39|AMAT:2.96|AMD:3.20|CAT:2.88|DELL:5.72|GLW:9.91|GNRC:9.71|HPE:54.51|INTC:15.99|JBL:7.20|KEYS:7.89|KLAC:7.52|LRCX:4.67|MU:1.55|NUE:21.28|ON:19.79|STLD:16.16|STX:2.11|TER:4.03|WDC:2.95,13,13,rebalance to 20 targets,
2026-07-17T20:32:24+00:00,Python,risk_check,101025.81,58365.62,ALB:22.39|AMAT:3.16|AMD:3.27|CAT:2.88|DELL:5.66|GLW:10.26|GNRC:9.71|HPE:53.89|INTC:16.41|JBL:7.43|KEYS:7.89|KLAC:7.87|LRCX:4.88|MU:1.55|NUE:21.50|ON:20.19|STLD:16.34|STX:2.02|TER:4.03|WDC:2.95,0,0,midday defensive check: all clear,no position breached the intraday stop; defense-only check adds no risk
2026-07-20T20:14:14+00:00,Python,scheduled_rebalance,100675.3,58365.6,ALB:22.39|AMAT:3.16|AMD:3.27|CAT:2.88|DELL:5.66|GLW:10.26|GNRC:9.71|HPE:53.89|INTC:16.41|JBL:7.43|KEYS:7.89|KLAC:7.87|LRCX:4.88|MU:1.55|NUE:21.50|ON:20.19|STLD:16.34|STX:2.02|TER:4.03|WDC:2.95,26,26,rebalance to 20 targets,
2026-07-20T21:46:45+00:00,Python,risk_check,100708.65,58365.6,ALB:22.39|AMAT:3.16|AMD:3.27|CAT:2.88|DELL:5.66|GLW:10.26|GNRC:9.71|HPE:53.89|INTC:16.41|JBL:7.43|KEYS:7.89|KLAC:7.87|LRCX:4.88|MU:1.55|NUE:21.50|ON:20.19|STLD:16.34|STX:2.02|TER:4.03|WDC:2.95,0,0,midday defensive check: all clear,no position breached the intraday stop; defense-only check adds no risk
2026-07-21T18:59:32+00:00,Python,scheduled_rebalance,102836.91,49908.1,AMAT:3.16|AMD:3.27|CNC:40.45|DELL:5.17|GLW:10.26|HPE:53.89|HST:233.96|INTC:16.41|JBHT:12.00|KEYS:7.89|LRCX:4.88|MU:1.55|NUE:19.50|STLD:16.34|STT:30.51|STX:2.02|TER:4.03|TRGP:17.35|WDC:2.95,19,19,rebalance to 20 targets,
2026-07-21T21:42:49+00:00,Python,risk_check,103247.56,42593.18,AMAT:4.35|AMD:3.69|CNC:40.45|DELL:4.99|GLW:12.89|HPE:58.57|HST:236.67|HUM:6.83|INTC:17.02|JBHT:12.18|KEYS:9.95|LRCX:7.25|MU:1.86|NUE:19.63|STLD:16.80|STT:30.88|STX:2.22|TER:4.97|TRGP:17.87|WDC:3.40,0,0,midday defensive check: all clear,no position breached the intraday stop; defense-only check adds no risk
2026-07-22T18:47:25+00:00,Python,scheduled_rebalance,103232.37,42593.15,AMAT:4.35|AMD:3.69|CNC:40.45|DELL:4.99|GLW:12.89|HPE:58.57|HST:236.67|HUM:6.83|INTC:17.02|JBHT:12.18|KEYS:9.95|LRCX:7.25|MU:1.86|NUE:19.63|STLD:16.80|STT:30.88|STX:2.22|TER:4.97|TRGP:17.87|WDC:3.40,14,14,rebalance to 20 targets,
2026-07-22T21:38:33+00:00,Python,risk_check,103200.02,42804.89,AMAT:4.42|AMD:3.62|CNC:41.01|DELL:4.60|GLW:13.40|HPE:56.45|HST:235.59|HUM:6.96|INTC:17.27|JBHT:12.18|KEYS:9.95|LRCX:7.25|MU:1.86|NUE:19.63|STLD:16.57|STT:30.88|STX:2.19|TER:5.09|TRGP:17.75|WDC:3.35,0,0,midday defensive check: all clear,no position breached the intraday stop; defense-only check adds no risk
2026-07-23T18:50:20+00:00,Python,scheduled_rebalance,102918.07,42804.89,AMAT:4.42|AMD:3.62|CNC:41.01|DELL:4.60|GLW:13.40|HPE:56.45|HST:235.59|HUM:6.96|INTC:17.27|JBHT:12.18|KEYS:9.95|LRCX:7.25|MU:1.86|NUE:19.63|STLD:16.57|STT:30.88|STX:2.19|TER:5.09|TRGP:17.75|WDC:3.35,15,15,rebalance to 20 targets,
2026-07-23T20:46:13+00:00,Python,risk_check,103427.8,42614.68,AMAT:4.42|AMD:3.75|CNC:42.49|DELL:4.60|GLW:13.40|HPE:57.09|HST:240.02|HUM:7.06|INTC:17.98|JBHT:12.33|KEYS:10.06|LRCX:7.33|MU:1.83|NUE:19.13|STLD:16.43|STT:30.88|STX:2.14|TER:5.09|TRGP:17.51|WDC:3.30,0,0,midday defensive check: all clear,no position breached the intraday stop; defense-only check adds no risk
2026-07-24T19:59:01+00:00,Python,scheduled_rebalance,102014.61,42614.64,AMAT:4.42|AMD:3.75|CNC:42.49|DELL:4.60|GLW:13.40|HPE:57.09|HST:240.02|HUM:7.06|INTC:17.98|JBHT:12.33|KEYS:10.06|LRCX:7.33|MU:1.83|NUE:19.13|STLD:16.43|STT:30.88|STX:2.14|TER:5.09|TRGP:17.51|WDC:3.30,23,23,rebalance to 20 targets,
2026-07-24T21:37:54+00:00,Python,risk_check,102116.78,28299.31,AMAT:5.03|AMD:4.22|CNC:47.64|CVS:45.60|DELL:5.07|FRT:70.27|HPE:62.83|HST:258.11|HUM:7.88|INTC:21.11|JBHT:13.72|LRCX:8.42|MU:2.14|NUE:20.36|STT:33.99|STX:2.53|TER:5.86|TRGP:19.97|UNH:9.16|WDC:3.89,0,0,midday defensive check: all clear,no position breached the intraday stop; defense-only check adds no risk
2026-07-27T19:04:58+00:00,Python,scheduled_rebalance,100883.23,28299.29,AMAT:5.03|AMD:4.22|CNC:47.64|CVS:45.60|DELL:5.07|FRT:70.27|HPE:62.83|HST:258.11|HUM:7.88|INTC:21.11|JBHT:13.72|LRCX:8.42|MU:2.14|NUE:20.36|STT:33.99|STX:2.53|TER:5.86|TRGP:19.97|UNH:9.16|WDC:3.89,14,14,rebalance to 20 targets,
2026-07-27T21:43:14+00:00,Python,risk_check,101140.05,27915.88,AMAT:5.18|AMD:4.44|CNC:46.46|CVS:45.14|DELL:5.18|FRT:68.94|HPE:62.83|HST:251.95|HUM:7.88|INTC:21.11|JBHT:14.01|LRCX:8.76|MU:2.18|NUE:20.36|STT:33.99|STX:2.62|TER:6.06|TRGP:20.60|UNH:9.16|WDC:4.04,0,0,midday defensive check: all clear,no position breached the intraday stop; defense-only check adds no risk
2026-07-28T19:00:13+00:00,Python,scheduled_rebalance,99815.68,27915.86,AMAT:5.18|AMD:4.44|CNC:46.46|CVS:45.14|DELL:5.18|FRT:68.94|HPE:62.83|HST:251.95|HUM:7.88|INTC:21.11|JBHT:14.01|LRCX:8.76|MU:2.18|NUE:20.36|STT:33.99|STX:2.62|TER:6.06|TRGP:20.60|UNH:9.16|WDC:4.04,19,19,rebalance to 20 targets,
2026-07-28T21:44:02+00:00,Python,risk_check,100261.67,27681.32,AMAT:5.52|AMD:4.70|CNC:46.46|CVS:43.94|DELL:5.58|FRT:68.22|HPE:65.30|HST:243.78|HUM:7.72|INTC:22.04|JBHT:13.91|LRCX:9.26|MU:2.34|NUE:18.83|STT:33.83|STX:2.81|TER:6.38|TRGP:20.90|UNH:8.76|WDC:4.34,0,0,midday defensive check: all clear,no position breached the intraday stop; defense-only check adds no risk
2026-07-29T18:16:54+00:00,Python,scheduled_rebalance,99091.73,27681.3,AMAT:5.52|AMD:4.70|CNC:46.46|CVS:43.94|DELL:5.58|FRT:68.22|HPE:65.30|HST:243.78|HUM:7.72|INTC:22.04|JBHT:13.91|LRCX:9.26|MU:2.34|NUE:18.83|STT:33.83|STX:2.81|TER:6.38|TRGP:20.90|UNH:8.76|WDC:4.34,23,23,rebalance to 20 targets,
2026-07-29T20:35:59+00:00,Python,risk_check,98080.83,24596.84,AMAT:5.83|AMD:4.92|CNC:50.30|CVS:46.77|DELL:5.78|DVA:15.01|FRT:70.60|HST:245.94|INTC:23.11|JBHT:14.35|LRCX:9.70|MU:2.52|NUE:19.18|STT:35.10|STX:2.66|TER:6.00|UNH:9.17|VLO:14.07|VTRS:261.66|WDC:4.15,0,0,midday defensive check: all clear,no position breached the intraday stop; defense-only check adds no risk
2026-07-30T19:05:24+00:00,Python,scheduled_rebalance,100613.44,24596.81,AMAT:5.83|AMD:4.92|CNC:50.30|CVS:46.77|DELL:5.78|DVA:15.01|FRT:70.60|HST:245.94|INTC:23.11|JBHT:14.35|LRCX:9.70|MU:2.52|NUE:19.18|STT:35.10|STX:2.66|TER:6.00|UNH:9.17|VLO:14.07|VTRS:261.66|WDC:4.15,18,18,rebalance to 20 targets,
2026-07-30T21:46:15+00:00,Python,risk_check,101196.62,24874.43,AMAT:5.43|AMD:4.54|CNC:51.94|CVS:48.28|DELL:5.47|DVA:15.28|FRT:72.86|HST:256.06|INTC:21.77|JBHT:14.91|LRCX:8.65|MU:2.27|NUE:19.42|STT:35.10|STX:2.56|TER:5.69|UNH:9.29|VLO:14.07|VTRS:268.68|WDC:3.85,0,0,midday defensive check: all clear,no position breached the intraday stop; defense-only check adds no risk
2026-07-31T19:00:45+00:00,Python,scheduled_rebalance,101239.04,24874.41,AMAT:5.43|AMD:4.54|CNC:51.94|CVS:48.28|DELL:5.47|DVA:15.28|FRT:72.86|HST:256.06|INTC:21.77|JBHT:14.91|LRCX:8.65|MU:2.27|NUE:19.42|STT:35.10|STX:2.56|TER:5.69|UNH:9.29|VLO:14.07|VTRS:268.68|WDC:3.85,12,12,rebalance to 20 targets,
2026-07-31T20:51:32+00:00,Python,risk_check,100681.34,25057.39,AMAT:5.25|AMD:4.54|CNC:51.01|CVS:48.55|DELL:5.47|DVA:15.28|FRT:72.86|HST:256.06|INTC:21.77|JBHT:14.75|LRCX:8.65|MU:2.38|NUE:19.59|STT:34.78|STX:2.48|TER:5.50|UNH:9.46|VLO:14.07|VTRS:272.04|WDC:3.69,0,0,midday defensive check: all clear,no position breached the intraday stop; defense-only check adds no risk
2026-08-03T20:19:52+00:00,Python,scheduled_rebalance,100746.81,25057.37,AMAT:5.25|AMD:4.54|CNC:51.01|CVS:48.55|DELL:5.47|DVA:15.28|FRT:72.86|HST:256.06|INTC:21.77|JBHT:14.75|LRCX:8.65|MU:2.38|NUE:19.59|STT:34.78|STX:2.48|TER:5.50|UNH:9.46|VLO:14.07|VTRS:272.04|WDC:3.69,22,22,rebalance to 20 targets,
2026-08-03T20:48:54+00:00,Python,risk_check,100799.09,25057.37,AMAT:5.25|AMD:4.54|CNC:51.01|CVS:48.55|DELL:5.47|DVA:15.28|FRT:72.86|HST:256.06|INTC:21.77|JBHT:14.75|LRCX:8.65|MU:2.38|NUE:19.59|STT:34.78|STX:2.48|TER:5.50|UNH:9.46|VLO:14.07|VTRS:272.04|WDC:3.69,0,0,midday defensive check: all clear,no position breached the intraday stop; defense-only check adds no risk
2026-08-04T20:13:35+00:00,Python,scheduled_rebalance,101741.81,17340.18,AMAT:1.42|AMD:2.10|CNC:60.11|CVS:58.61|DELL:1.88|DVA:29.64|FRT:72.86|HPE:13.00|HST:559.49|INTC:14.80|JBHT:14.75|MU:0.48|STT:34.78|STX:1.20|TER:4.08|UNH:9.46|VLO:31.63|VTRS:681.01|WDC:1.41,24,24,rebalance to 20 targets,
2026-08-04T21:55:55+00:00,Python,risk_check,101466.02,17340.18,AMAT:1.42|AMD:2.10|CNC:60.11|CVS:58.61|DELL:1.88|DVA:29.64|FRT:72.86|HPE:13.00|HST:559.49|INTC:14.80|JBHT:14.75|MU:0.48|STT:34.78|STX:1.20|TER:4.08|UNH:9.46|VLO:31.63|VTRS:681.01|WDC:1.41,0,0,midday defensive check: all clear,no position breached the intraday stop; defense-only check adds no risk
2026-08-05T16:22:21+00:00,Python,scheduled_rebalance,100492.68,-2235.14,AMAT:1.22|AMD:2.10|CNC:60.11|CRWD:17.90|CVS:58.61|DELL:2.37|DVA:36.07|FRT:43.86|FTNT:36.51|HPE:34.00|HST:565.02|INTC:9.35|LRCX:1.87|MU:0.77|NUE:43.70|PANW:14.12|STT:34.78|STX:0.96|TER:1.97|VLO:37.86|VTRS:688.08|WDC:1.36,17,15,rebalance to 20 targets,
