Ticker,price
A,168.1699981689453
AAPL,340.4200134277344
ABBV,272.4200134277344
ABNB,163.22999572753906
ABT,98.48999786376953
ACGL,96.08000183105469
ACN,208.39999389648438
ADBE,241.0500030517578
ADI,405.92999267578125
ADM,82.48999786376953
ADP,270.7300109863281
ADSK,233.60000610351562
AEE,101.83499908447266
AEP,122.31999969482422
AES,14.9350004196167
AFL,114.95999908447266
AIG,77.01000213623047
AIZ,272.875
AJG,234.13999938964844
AKAM,100.9000015258789
ALB,102.0999984741211
ALGN,141.02999877929688
ALL,230.67999267578125
ALLE,150.02000427246094
AMAT,509.57000732421875
AMCR,41.875
AMD,620.6799926757812
AME,247.53500366210938
AMGN,407.44000244140625
AMP,498.94500732421875
AMT,166.76499938964844
AMZN,254.05999755859375
ANET,210.85000610351562
AON,277.260009765625
AOS,56.560001373291016
APA,45.470001220703125
APD,278.2699890136719
APH,85.3499984741211
APTV,44.20500183105469
ARE,45.619998931884766
ATO,160.6699981689453
AVGO,360.1400146484375
AVY,167.74000549316406
AWK,128.1699981689453
AXON,417.30999755859375
AXP,307.9800109863281
AZO,2911.050048828125
BA,187.77000427246094
BAC,53.59000015258789
BALL,58.369998931884766
BAX,23.90999984741211
BBY,88.44000244140625
BDX,182.7100067138672
BEN,32.400001525878906
BF-B,26.53499984741211
BG,107.83999633789062
BIIB,218.42999267578125
BKNG,159.97000122070312
BKR,56.29999923706055
BLDR,53.84000015258789
BLK,1065.5899658203125
BMY,59.560001373291016
BR,165.22000122070312
BRK-B,511.1000061035156
BRO,63.744998931884766
BSX,42.025001525878906
BX,112.70500183105469
BXP,59.29999923706055
C,128.0749969482422
CAG,13.585000038146973
CAH,238.88999938964844
CARR,55.84000015258789
CAT,796.1699829101562
CB,343.7099914550781
CBOE,294.5799865722656
CBRE,131.10000610351562
CCI,68.875
CCL,26.135000228881836
CDNS,348.8399963378906
CDW,139.8800048828125
CE,44.83000183105469
CEG,285.07000732421875
CF,113.58999633789062
CFG,64.08999633789062
CHD,97.71499633789062
CHRW,141.33999633789062
CHTR,109.66999816894531
CI,280.989990234375
CINF,165.25
CL,88.12000274658203
CLX,83.44000244140625
CMCSA,21.209999084472656
CME,276.44000244140625
CMG,32.647499084472656
CMI,520.3900146484375
CMS,65.3550033569336
CNC,64.54000091552734
CNP,38.404998779296875
COF,199.39999389648438
COO,54.29999923706055
COP,134.1999969482422
COR,321.2900085449219
COST,947.9199829101562
CPAY,402.010009765625
CPB,19.3700008392334
CPRT,27.479999542236328
CPT,96.77999877929688
CRL,298.1300048828125
CRM,227.69500732421875
CRWD,263.010009765625
CSCO,114.88999938964844
CSGP,29.809999465942383
CSX,47.34000015258789
CTAS,201.1199951171875
CTSH,60.0099983215332
CTVA,13.729999542236328
CVS,87.81999969482422
CVX,211.58999633789062
CZR,29.520000457763672
D,61.75
DAL,82.18000030517578
DD,132.3699951171875
DE,652.52001953125
DECK,82.57499694824219
DELL,574.77001953125
DG,124.27999877929688
DGX,230.75999450683594
DHI,135.8300018310547
DHR,217.4600067138672
DIS,107.05999755859375
DLR,176.11000061035156
DLTR,118.62000274658203
DOC,18.530000686645508
DOV,188.94000244140625
DOW,28.604999542236328
DPZ,308.6499938964844
DRI,200.58999633789062
DTE,127.08999633789062
DUK,116.81999969482422
DVA,177.01600646972656
DVN,48.93000030517578
DXCM,84.41000366210938
EBAY,111.9800033569336
ECL,281.7099914550781
ED,105.95999908447266
EFX,145.4600067138672
EG,373.1199951171875
EIX,54.30500030517578
EL,94.30000305175781
ELV,401.05999755859375
EMN,63.7599983215332
EMR,159.07000732421875
ENPH,32.90999984741211
EOG,148.50999450683594
EPAM,113.88300323486328
EQIX,1011.1599731445312
EQT,52.96500015258789
ERIE,226.5399932861328
ES,65.68499755859375
ESS,268.67498779296875
ETN,424.3699951171875
ETR,102.4749984741211
EVRG,80.5199966430664
EW,84.22000122070312
EXC,41.72999954223633
EXPD,193.69000244140625
EXPE,270.1300048828125
EXR,133.08999633789062
F,12.270000457763672
FANG,191.67999267578125
FAST,50.4900016784668
FCX,71.125
FDS,286.6700134277344
FDX,291.6700134277344
FE,44.849998474121094
FFIV,461.6600036621094
FICO,707.1950073242188
FIS,34.35499954223633
FITB,50.70000076293945
FOX,56.970001220703125
FOXA,63.56999969482422
FRT,105.46499633789062
FSLR,178.85000610351562
FTNT,189.10000610351562
FTV,56.41999816894531
GD,329.92498779296875
GDDY,103.23999786376953
GE,305.6099853515625
GEHC,64.22000122070312
GEN,22.75
GEV,998.9650268554688
GILD,147.10000610351562
GIS,32.60499954223633
GL,166.0399932861328
GLW,152.80999755859375
GM,82.26000213623047
GNRC,224.5800018310547
GOOG,344.8599853515625
GOOGL,348.2900085449219
GPC,128.18499755859375
GPN,82.80000305175781
GRMN,268.5400085449219
GS,881.510009765625
GWW,1268.93896484375
HAL,32.56999969482422
HAS,92.5
HBAN,15.369999885559082
HCA,445.0450134277344
HD,295.44000244140625
HIG,129.47000122070312
HII,265.1199951171875
HLT,323.385009765625
HON,206.60000610351562
HPE,70.98999786376953
HPQ,32.439998626708984
HRL,19.420000076293945
HSIC,84.62999725341797
HST,22.540000915527344
HSY,162.5399932861328
HUBB,475.3450012207031
HUM,387.1600036621094
HWM,222.59500122070312
IBM,226.5850067138672
ICE,155.3249969482422
IDXX,513.1400146484375
IEX,231.64500427246094
IFF,84.6500015258789
INCY,112.75
INTC,107.08000183105469
INTU,303.8800048828125
INVH,26.479999542236328
IP,31.8700008392334
IQV,259.010009765625
IR,78.01000213623047
IRM,113.01000213623047
ISRG,415.4100036621094
IT,195.5399932861328
ITW,264.6700134277344
IVZ,30.100000381469727
J,138.52999877929688
JBHT,228.4199981689453
JBL,299.1499938964844
JCI,153.99000549316406
JKHY,149.0500030517578
JNJ,256.489990234375
JPM,331.45001220703125
KDP,31.260000228881836
KEY,20.100000381469727
KEYS,374.6600036621094
KHC,22.469999313354492
KIM,22.084999084472656
KKR,89.55999755859375
KLAC,196.72000122070312
KMB,97.73999786376953
KMI,32.26499938964844
KMX,53.790000915527344
KO,87.7699966430664
KR,61.470001220703125
KVUE,17.729999542236328
L,107.58000183105469
LDOS,119.22000122070312
LEN,77.59500122070312
LH,314.1875
LHX,236.85000610351562
LIN,481.70001220703125
LKQ,22.010000228881836
LLY,1169.9300537109375
LMT,507.95599365234375
LNT,65.5
LOW,188.85000610351562
LRCX,320.5899963378906
LULU,92.68000030517578
LUV,41.36000061035156
LVS,36.095001220703125
LW,49.47999954223633
LYB,60.35499954223633
LYV,171.22999572753906
MA,574.739990234375
MAA,116.19000244140625
MAR,361.0799865722656
MAS,69.5
MCD,236.8699951171875
MCHP,75.5199966430664
MCK,930.469970703125
MCO,458.739990234375
MDLZ,60.66999816894531
MDT,87.71399688720703
MET,98.4800033569336
META,720.8900146484375
MGM,30.014999389648438
MHK,119.4800033569336
MKC,45.970001220703125
MKTX,164.30999755859375
MLM,481.8699951171875
MMM,163.60000610351562
MNST,43.650001525878906
MO,71.41500091552734
MOH,195.8699951171875
MOS,19.739999771118164
MPC,463.3900146484375
MPWR,1369.800048828125
MRK,142.39500427246094
MRNA,197.0
MS,187.4320068359375
MSCI,561.969970703125
MSFT,522.6099853515625
MSI,447.2349853515625
MTB,217.60000610351562
MTCH,41.5
MTD,1527.77001953125
MU,1035.8399658203125
NCLH,15.484999656677246
NDAQ,92.37000274658203
NDSN,326.8699951171875
NEE,77.36499786376953
NEM,115.55000305175781
NFLX,71.56999969482422
NI,40.540000915527344
NKE,34.744998931884766
NOC,484.29998779296875
NOW,139.74000549316406
NRG,106.31999969482422
NSC,317.1000061035156
NTAP,231.0500030517578
NTRS,168.5
NUE,246.21499633789062
NVDA,230.47999572753906
NVR,6009.169921875
NWS,31.920000076293945
NWSA,28.969999313354492
NXPI,231.07000732421875
O,54.15999984741211
ODFL,181.64999389648438
OKE,90.30999755859375
OMC,76.45500183105469
ON,79.41000366210938
ORCL,135.55499267578125
ORLY,86.01000213623047
OTIS,66.12000274658203
OXY,60.279998779296875
PANW,398.5
PAYC,229.83999633789062
PAYX,104.45999908447266
PCAR,109.66000366210938
PCG,12.645000457763672
PEG,71.83999633789062
PEP,128.33999633789062
PFE,27.829999923706055
PFG,109.7699966430664
PG,150.60000610351562
PGR,218.72000122070312
PH,946.489990234375
PHM,113.52999877929688
PKG,229.9149932861328
PLD,129.32000732421875
PLTR,198.77999877929688
PM,200.5050048828125
PNC,219.66000366210938
PNR,52.29999923706055
PNW,98.0199966430664
PODD,134.47000122070312
POOL,158.13999938964844
PPG,105.44999694824219
PPL,34.099998474121094
PRU,113.54000091552734
PSA,285.635009765625
PSX,281.57000732421875
PTC,193.72999572753906
PWR,685.6300048828125
PYPL,55.02000045776367
QCOM,176.00999450683594
RCL,281.385009765625
REG,71.4800033569336
REGN,739.5700073242188
RF,27.065000534057617
RJF,158.56500244140625
RL,367.3900146484375
RMD,226.72999572753906
ROK,434.1549987792969
ROL,32.26499938964844
ROP,364.2300109863281
ROST,225.1999969482422
RSG,216.88999938964844
RTX,184.2899932861328
RVTY,152.07000732421875
SBAC,170.00999450683594
SBUX,93.20999908447266
SCHW,96.87999725341797
SHW,321.0199890136719
SJM,119.44999694824219
SLB,48.994998931884766
SMCI,42.77000045776367
SNA,358.8500061035156
SNPS,497.75
SO,86.13999938964844
SOLV,86.44999694824219
SPG,199.61000061035156
SPGI,402.7300109863281
SRE,80.05999755859375
STE,210.66000366210938
STLD,234.1699981689453
STT,175.09500122070312
STX,774.8250122070312
STZ,123.58000183105469
SW,41.470001220703125
SWK,89.16999816894531
SWKS,80.75
SYF,73.70999908447266
SYK,277.0400085449219
SYY,78.18000030517578
T,24.885000228881836
TAP,37.93000030517578
TDG,1089.0899658203125
TDY,604.8099975585938
TECH,72.44999694824219
TEL,214.32000732421875
TER,398.7200012207031
TFC,46.185001373291016
TGT,154.77999877929688
TJX,138.71200561523438
TMO,651.7349853515625
TMUS,171.30999755859375
TPL,357.7699890136719
TPR,115.76000213623047
TRGP,288.4599914550781
TRMB,59.849998474121094
TROW,104.2300033569336
TRV,370.3699951171875
TSCO,33.47999954223633
TSLA,375.0
TSN,52.34000015258789
TT,469.92999267578125
TTWO,209.3699951171875
TXN,288.20001220703125
TXT,73.19999694824219
TYL,331.1499938964844
UAL,107.44000244140625
UBER,70.24500274658203
UDR,33.564998626708984
UHS,175.72999572753906
ULTA,564.2100219726562
UNH,370.7300109863281
UNP,278.19000244140625
UPS,94.11000061035156
URI,1050.6500244140625
USB,57.025001525878906
V,375.1199951171875
VICI,22.809999465942383
VLO,443.9599914550781
VLTO,96.4800033569336
VMC,246.33999633789062
VRSK,175.49000549316406
VRSN,297.7900085449219
VRTX,503.25
VST,156.1605987548828
VTR,81.76000213623047
VTRS,17.440000534057617
VZ,46.35499954223633
WAB,280.79998779296875
WAT,429.3599853515625
WDC,393.30999755859375
WEC,103.61250305175781
WELL,223.0399932861328
WFC,82.04000091552734
WM,210.11500549316406
WMB,72.36000061035156
WMT,110.55999755859375
WRB,72.04000091552734
WST,363.1700134277344
WTW,297.8599853515625
WY,19.170000076293945
WYNN,75.29000091552734
XEL,73.36000061035156
XOM,168.55999755859375
XYL,102.01000213623047
YUM,143.0800018310547
ZBH,88.90499877929688
ZBRA,382.1400146484375
ZTS,73.08000183105469
