Ticker,weight
TGT,0.0983836219720342
MRK,0.0963138164638003
VLO,0.09065434061384182
FTNT,0.05218717922263931
JBHT,0.0508948330006955
CRL,0.0409378944634177
CRWD,0.03740987501395417
FCX,0.025197010235041534
HPE,0.023528835284260488
DELL,0.01962910119660074
STX,0.0187833791044606
AMAT,0.01809506808168806
AMD,0.01765185234568877
GLW,0.017465145600804376
INTC,0.016368545045394187
LRCX,0.016351833984468857
WDC,0.0160272193274255
TER,0.014954513892933658
MU,0.014128607715975105
MRNA,0.013287481872865834
