timestamp_utc,bot,symbol,side,notional_usd,est_price,status,order_id,reject_reason,equity_before,cash_before,thesis,market_view
2026-07-17T02:09:40+00:00,Python,ALB,buy,2674.16,119.45999908447266,submitted,5360e109-981c-4b68-80e7-05997c42383e,,100000.0,100000.0,rebalance to target weight 2.7%,rule-based rebalance toward optimizer targets
2026-07-17T02:09:40+00:00,Python,AMAT,buy,1657.77,560.9299926757812,submitted,74e239f3-b475-4363-b696-69a28c0fa896,,100000.0,100000.0,rebalance to target weight 1.7%,rule-based rebalance toward optimizer targets
2026-07-17T02:09:41+00:00,Python,AMD,buy,1601.39,500.9400024414063,submitted,63371039-f5db-47f8-a325-1523958a9a54,,100000.0,100000.0,rebalance to target weight 1.6%,rule-based rebalance toward optimizer targets
2026-07-17T02:09:41+00:00,Python,CAT,buy,2528.07,877.1699829101562,submitted,1988c03a-bacb-40a8-bd74-5edef12a79dd,,100000.0,100000.0,rebalance to target weight 2.5%,rule-based rebalance toward optimizer targets
2026-07-17T02:09:41+00:00,Python,DELL,buy,2240.03,391.3800048828125,submitted,f0164559-71d6-4776-a9b0-e2bfda61505d,,100000.0,100000.0,rebalance to target weight 2.2%,rule-based rebalance toward optimizer targets
2026-07-17T02:09:41+00:00,Python,GLW,buy,1569.4,158.38999938964844,submitted,ae6592d2-ea58-4f2f-808f-cd90bbd5589f,,100000.0,100000.0,rebalance to target weight 1.6%,rule-based rebalance toward optimizer targets
2026-07-17T02:09:41+00:00,Python,GNRC,buy,2091.92,215.3800048828125,submitted,7394a56e-90fa-42eb-9568-39a69d162a7c,,100000.0,100000.0,rebalance to target weight 2.1%,rule-based rebalance toward optimizer targets
2026-07-17T02:09:41+00:00,Python,HPE,buy,2459.98,45.130001068115234,submitted,d431c623-86ae-426b-8816-f14c9c61914f,,100000.0,100000.0,rebalance to target weight 2.5%,rule-based rebalance toward optimizer targets
2026-07-17T02:09:41+00:00,Python,INTC,buy,1550.88,96.9800033569336,submitted,13d384ad-2537-402b-82ba-11c89368318e,,100000.0,100000.0,rebalance to target weight 1.6%,rule-based rebalance toward optimizer targets
2026-07-17T02:09:41+00:00,Python,JBL,buy,2209.53,307.0599975585937,submitted,a6255086-3c73-4ba0-adde-7915c44d3f5a,,100000.0,100000.0,rebalance to target weight 2.2%,rule-based rebalance toward optimizer targets
2026-07-17T02:09:41+00:00,Python,KEYS,buy,2467.67,312.760009765625,submitted,6a4bb83f-67ff-4ec2-b382-283532431c7f,,100000.0,100000.0,rebalance to target weight 2.5%,rule-based rebalance toward optimizer targets
2026-07-17T02:09:41+00:00,Python,KLAC,buy,1650.0,219.3699951171875,submitted,3892cbec-d176-41c2-9ac4-b24fd9d7fdf0,,100000.0,100000.0,rebalance to target weight 1.7%,rule-based rebalance toward optimizer targets
2026-07-17T02:09:41+00:00,Python,LRCX,buy,1500.13,320.9599914550781,submitted,bac6643d-4f68-4efe-8b25-622890597e71,,100000.0,100000.0,rebalance to target weight 1.5%,rule-based rebalance toward optimizer targets
2026-07-17T02:09:41+00:00,Python,MU,buy,1320.06,853.2000122070312,submitted,1108c020-bd85-4797-9c88-15481f84f311,,100000.0,100000.0,rebalance to target weight 1.3%,rule-based rebalance toward optimizer targets
2026-07-17T02:09:41+00:00,Python,NUE,buy,5014.03,235.6699981689453,submitted,4e6eb92b-e023-4ef2-869f-5846b89f1735,,100000.0,100000.0,rebalance to target weight 5.0%,rule-based rebalance toward optimizer targets
2026-07-17T02:09:41+00:00,Python,ON,buy,1744.18,88.12000274658203,submitted,a03acab9-017a-4261-b22d-9c1a36262fcf,,100000.0,100000.0,rebalance to target weight 1.7%,rule-based rebalance toward optimizer targets
2026-07-17T02:09:41+00:00,Python,STLD,buy,3796.48,234.97999572753903,submitted,9e49b75b-3351-415c-9922-ffcd185a5c78,,100000.0,100000.0,rebalance to target weight 3.8%,rule-based rebalance toward optimizer targets
2026-07-17T02:09:42+00:00,Python,STX,buy,1571.13,745.489990234375,submitted,73b637b0-b193-46c6-a598-553bbf6879ee,,100000.0,100000.0,rebalance to target weight 1.6%,rule-based rebalance toward optimizer targets
2026-07-17T02:09:42+00:00,Python,TER,buy,1297.45,322.29998779296875,submitted,9ebf44e8-e2f8-4586-a6ea-87e3f39824ad,,100000.0,100000.0,rebalance to target weight 1.3%,rule-based rebalance toward optimizer targets
2026-07-17T02:09:42+00:00,Python,WDC,buy,1377.69,466.80999755859375,submitted,e3ec16a3-90a9-4e70-af81-061326dbebfe,,100000.0,100000.0,rebalance to target weight 1.4%,rule-based rebalance toward optimizer targets
2026-07-17T18:19:10+00:00,Python,DELL,sell,27.15,400.7799987792969,submitted,f46ecb48-802b-4b01-ac7c-35cb731b1c01,,101189.6,58816.72,rebalance to target weight 2.2%,rule-based rebalance toward optimizer targets
2026-07-17T18:19:10+00:00,Python,HPE,sell,28.52,46.18999862670898,submitted,9182832c-509e-4cf2-b572-75912b0b9df6,,101189.6,58816.72,rebalance to target weight 2.5%,rule-based rebalance toward optimizer targets
2026-07-17T18:19:10+00:00,Python,STX,sell,67.68,786.47998046875,submitted,9ccd62e8-4dbf-4ca1-8fce-fdba9c455a22,,101189.6,58816.72,rebalance to target weight 1.6%,rule-based rebalance toward optimizer targets
2026-07-17T18:19:10+00:00,Python,AMAT,buy,107.19,531.3300170898438,submitted,a7dd3eb6-d816-400f-a335-449d88fa6b89,,101189.6,58816.72,rebalance to target weight 1.7%,rule-based rebalance toward optimizer targets
2026-07-17T18:19:10+00:00,Python,AMD,buy,35.24,495.8699951171875,submitted,a89e23e0-51ea-4f1b-a9dc-edfb059e1649,,101189.6,58816.72,rebalance to target weight 1.6%,rule-based rebalance toward optimizer targets
2026-07-17T18:19:10+00:00,Python,GLW,buy,55.04,154.72000122070312,submitted,c7e3de98-2f15-4bb8-abf7-34792cf4bdd9,,101189.6,58816.72,rebalance to target weight 1.6%,rule-based rebalance toward optimizer targets
2026-07-17T18:19:10+00:00,Python,INTC,buy,40.04,95.63009643554688,submitted,44929f7b-753a-4cfa-b54e-fbdc569f4808,,101189.6,58816.72,rebalance to target weight 1.6%,rule-based rebalance toward optimizer targets
2026-07-17T18:19:10+00:00,Python,JBL,buy,69.67,301.0299987792969,submitted,58e437f7-a7a5-4eae-b312-3e90738f5b6e,,101189.6,58816.72,rebalance to target weight 2.2%,rule-based rebalance toward optimizer targets
2026-07-17T18:19:10+00:00,Python,KLAC,buy,74.3,212.1000061035156,submitted,4e4673ae-c2ff-46d1-9edb-9e719e056a8c,,101189.6,58816.72,rebalance to target weight 1.7%,rule-based rebalance toward optimizer targets
2026-07-17T18:19:10+00:00,Python,LRCX,buy,63.97,311.0899963378906,submitted,f77dba29-261d-4a33-a3f7-f050f7cf95b1,,101189.6,58816.72,rebalance to target weight 1.5%,rule-based rebalance toward optimizer targets
2026-07-17T18:19:10+00:00,Python,NUE,buy,52.08,236.0249938964844,submitted,aca141b9-378b-4b08-b5e3-446f561eec52,,101189.6,58816.72,rebalance to target weight 5.0%,rule-based rebalance toward optimizer targets
2026-07-17T18:19:11+00:00,Python,ON,buy,34.6,87.41999816894531,submitted,81c5f279-58ac-443f-a041-f5fd4cc6c3c2,,101189.6,58816.72,rebalance to target weight 1.7%,rule-based rebalance toward optimizer targets
2026-07-17T18:19:11+00:00,Python,STLD,buy,42.11,235.16909790039065,submitted,8a9d54e7-5715-42d2-b16b-b6d12a0b240b,,101189.6,58816.72,rebalance to target weight 3.8%,rule-based rebalance toward optimizer targets
2026-07-20T20:14:12+00:00,Python,ALB,sell,2645.39,118.1750030517578,submitted,8d2860ca-7dfc-4f92-a3c9-58582bd1d3fd,,100675.3,58365.6,exit: no longer in target portfolio,rule-based rebalance toward optimizer targets
2026-07-20T20:14:12+00:00,Python,CAT,sell,2492.3,864.75,submitted,7b54fcec-49a5-48ab-b76d-4b9baf2ced9c,,100675.3,58365.6,exit: no longer in target portfolio,rule-based rebalance toward optimizer targets
2026-07-20T20:14:12+00:00,Python,DELL,sell,186.39,381.7099914550781,submitted,55aa1887-40f4-4fa5-a772-62ef4c550e51,,100675.3,58365.6,rebalance to target weight 2.0%,rule-based rebalance toward optimizer targets
2026-07-20T20:14:12+00:00,Python,GNRC,sell,2073.56,213.4900054931641,submitted,942d1b58-b6ea-47a0-a212-31f9260d18b0,,100675.3,58365.6,exit: no longer in target portfolio,rule-based rebalance toward optimizer targets
2026-07-20T20:14:12+00:00,Python,JBL,sell,2271.53,305.8399963378906,submitted,ceb530f7-4984-44e8-8191-c9a2ac332d5e,,100675.3,58365.6,exit: no longer in target portfolio,rule-based rebalance toward optimizer targets
2026-07-20T20:14:12+00:00,Python,KLAC,sell,1634.21,207.6000061035156,submitted,c560c2b0-be48-49f9-b44c-656369587e27,,100675.3,58365.6,exit: no longer in target portfolio,rule-based rebalance toward optimizer targets
2026-07-20T20:14:12+00:00,Python,NUE,sell,461.66,230.72000122070312,submitted,e5f61973-93d7-4172-a7dc-093342765c60,,100675.3,58365.6,rebalance to target weight 4.5%,rule-based rebalance toward optimizer targets
2026-07-20T20:14:12+00:00,Python,ON,sell,1750.39,86.69999694824219,submitted,fe3ba3cc-f0aa-49f1-ad61-f3499dbd37a5,,100675.3,58365.6,exit: no longer in target portfolio,rule-based rebalance toward optimizer targets
2026-07-20T20:14:13+00:00,Python,AMAT,buy,753.38,525.7000122070312,submitted,87e1f53a-38aa-420b-9b9d-9c2690ba1fbc,,100675.3,58365.6,rebalance to target weight 2.4%,rule-based rebalance toward optimizer targets
2026-07-20T20:14:13+00:00,Python,AMD,buy,316.76,503.5700073242188,submitted,e83d9d7a-0640-4758-a3bb-81658ffcd232,,100675.3,58365.6,rebalance to target weight 1.9%,rule-based rebalance toward optimizer targets
2026-07-20T20:14:13+00:00,Python,CNC,buy,2663.0,65.83999633789062,submitted,299fbbf5-571d-4777-84a6-331db21da8c3,,100675.3,58365.6,rebalance to target weight 2.6%,rule-based rebalance toward optimizer targets
2026-07-20T20:14:13+00:00,Python,GLW,buy,472.54,153.24000549316406,submitted,1ac14063-c5ca-4b53-a5f0-c405a7d371ce,,100675.3,58365.6,rebalance to target weight 2.0%,rule-based rebalance toward optimizer targets
2026-07-20T20:14:13+00:00,Python,HPE,buy,258.94,44.57699966430664,submitted,b17db6cf-fc0d-493c-b61f-f436c5bd902a,,100675.3,58365.6,rebalance to target weight 2.6%,rule-based rebalance toward optimizer targets
2026-07-20T20:14:13+00:00,Python,HST,buy,5629.05,24.059999465942383,submitted,7d53298c-c55b-4840-8955-bfdfc35780b5,,100675.3,58365.6,rebalance to target weight 5.6%,rule-based rebalance toward optimizer targets
2026-07-20T20:14:13+00:00,Python,HUM,buy,2709.32,398.25,submitted,42967faa-b2ad-4744-bf82-3569d15af7d9,,100675.3,58365.6,rebalance to target weight 2.7%,rule-based rebalance toward optimizer targets
2026-07-20T20:14:13+00:00,Python,INTC,buy,157.64,97.05999755859376,submitted,bb656228-8830-4ef8-bc08-729fda5681cd,,100675.3,58365.6,rebalance to target weight 1.7%,rule-based rebalance toward optimizer targets
2026-07-20T20:14:13+00:00,Python,JBHT,buy,3486.44,290.6099853515625,submitted,1ce55165-0673-4df9-8627-55ecc9465698,,100675.3,58365.6,rebalance to target weight 3.5%,rule-based rebalance toward optimizer targets
2026-07-20T20:14:13+00:00,Python,KEYS,buy,725.65,314.1000061035156,submitted,4a3c1c4f-e75b-4c51-b9d6-723b2a2065c1,,100675.3,58365.6,rebalance to target weight 3.2%,rule-based rebalance toward optimizer targets
2026-07-20T20:14:13+00:00,Python,LRCX,buy,784.47,306.760009765625,submitted,2a3bf8bf-15ce-4563-bf95-64f1a9aee39a,,100675.3,58365.6,rebalance to target weight 2.3%,rule-based rebalance toward optimizer targets
2026-07-20T20:14:13+00:00,Python,MU,buy,430.26,865.4600219726562,submitted,d3928ecb-4c98-44da-9306-cf94c22f5950,,100675.3,58365.6,rebalance to target weight 1.8%,rule-based rebalance toward optimizer targets
2026-07-20T20:14:13+00:00,Python,STLD,buy,87.38,230.4900054931641,submitted,4a04b73d-f916-41fb-9c26-203a61d0d30a,,100675.3,58365.6,rebalance to target weight 3.8%,rule-based rebalance toward optimizer targets
2026-07-20T20:14:14+00:00,Python,STT,buy,5570.74,182.6100006103516,submitted,95de5b68-6153-4e57-b7d0-f024e8797c20,,100675.3,58365.6,rebalance to target weight 5.5%,rule-based rebalance toward optimizer targets
2026-07-20T20:14:14+00:00,Python,STX,buy,311.81,802.4500122070312,submitted,606e7367-eabd-4fb4-8fec-a228363821a1,,100675.3,58365.6,rebalance to target weight 1.9%,rule-based rebalance toward optimizer targets
2026-07-20T20:14:14+00:00,Python,TER,buy,498.17,333.760009765625,submitted,83879245-9422-49de-892a-c6841055eae8,,100675.3,58365.6,rebalance to target weight 1.8%,rule-based rebalance toward optimizer targets
2026-07-20T20:14:14+00:00,Python,TRGP,buy,4899.39,282.3399963378906,submitted,58e696c8-1156-4bd1-a5ef-e9822e41b88f,,100675.3,58365.6,rebalance to target weight 4.9%,rule-based rebalance toward optimizer targets
2026-07-20T20:14:14+00:00,Python,WDC,buy,382.6,487.4200134277344,submitted,8ace9589-5cba-40e3-8f3d-3d57c54a72e2,,100675.3,58365.6,rebalance to target weight 1.8%,rule-based rebalance toward optimizer targets
2026-07-21T18:59:30+00:00,Python,DELL,sell,72.26,403.8900146484375,submitted,2a49e2db-ffc9-4d9c-b308-4adba7e0a924,,102836.91,49908.1,rebalance to target weight 2.0%,rule-based rebalance toward optimizer targets
2026-07-21T18:59:30+00:00,Python,AMAT,buy,677.74,566.0700073242188,submitted,abc0484f-af01-4fa8-bd52-ee2e06c69a9e,,102836.91,49908.1,rebalance to target weight 2.4%,rule-based rebalance toward optimizer targets
2026-07-21T18:59:31+00:00,Python,AMD,buy,228.47,543.47998046875,submitted,dfb123d7-eacb-4612-9f78-8c5cc2774b3b,,102836.91,49908.1,rebalance to target weight 1.9%,rule-based rebalance toward optimizer targets
2026-07-21T18:59:31+00:00,Python,GLW,buy,425.56,162.09500122070312,submitted,ed7f0796-2d7e-46ae-83f6-c2552a3cb7ab,,102836.91,49908.1,rebalance to target weight 2.0%,rule-based rebalance toward optimizer targets
2026-07-21T18:59:31+00:00,Python,HPE,buy,217.3,46.40999984741211,submitted,85f24ad2-6866-4bca-8278-bffb8c405fcf,,102836.91,49908.1,rebalance to target weight 2.6%,rule-based rebalance toward optimizer targets
2026-07-21T18:59:31+00:00,Python,HST,buy,65.88,24.295000076293945,submitted,4c4e7aec-a1e4-4b96-817b-fa4336f4b937,,102836.91,49908.1,rebalance to target weight 5.6%,rule-based rebalance toward optimizer targets
2026-07-21T18:59:31+00:00,Python,HUM,buy,2767.49,405.1199951171875,submitted,140e4a4a-0b18-4dac-85a1-655b76f31212,,102836.91,49908.1,rebalance to target weight 2.7%,rule-based rebalance toward optimizer targets
2026-07-21T18:59:31+00:00,Python,INTC,buy,64.11,105.0500030517578,submitted,78029530-083d-4c03-afea-8656d033cebe,,102836.91,49908.1,rebalance to target weight 1.7%,rule-based rebalance toward optimizer targets
2026-07-21T18:59:31+00:00,Python,JBHT,buy,52.42,292.4800109863281,submitted,51543351-d09d-4214-8ade-898e8b25555b,,102836.91,49908.1,rebalance to target weight 3.5%,rule-based rebalance toward optimizer targets
2026-07-21T18:59:31+00:00,Python,KEYS,buy,678.22,328.8299865722656,submitted,a3e98a15-a61d-4b19-b434-f03aecbe5233,,102836.91,49908.1,rebalance to target weight 3.2%,rule-based rebalance toward optimizer targets
2026-07-21T18:59:31+00:00,Python,LRCX,buy,760.92,321.625,submitted,25e8a70a-de3b-4247-ae01-693d2a0a456e,,102836.91,49908.1,rebalance to target weight 2.3%,rule-based rebalance toward optimizer targets
2026-07-21T18:59:31+00:00,Python,MU,buy,302.61,972.52001953125,submitted,fdcaaa4a-2a7d-472c-a724-3f42189c4107,,102836.91,49908.1,rebalance to target weight 1.8%,rule-based rebalance toward optimizer targets
2026-07-21T18:59:32+00:00,Python,NUE,buy,31.76,234.0449981689453,submitted,a7b9cb0b-85b2-420b-984a-3e790170c3a0,,102836.91,49908.1,rebalance to target weight 4.5%,rule-based rebalance toward optimizer targets
2026-07-21T18:59:32+00:00,Python,STLD,buy,108.02,234.2899932861328,submitted,56bc5ad5-9c70-455c-b506-cfbb266bb8f2,,102836.91,49908.1,rebalance to target weight 3.8%,rule-based rebalance toward optimizer targets
2026-07-21T18:59:32+00:00,Python,STT,buy,69.59,184.25,submitted,10abaa3c-dfaa-43ff-b7f1-d3788bfa35be,,102836.91,49908.1,rebalance to target weight 5.5%,rule-based rebalance toward optimizer targets
2026-07-21T18:59:32+00:00,Python,STX,buy,176.5,889.9299926757812,submitted,625f1753-3b52-4178-869e-ba00b2bc3d69,,102836.91,49908.1,rebalance to target weight 1.9%,rule-based rebalance toward optimizer targets
2026-07-21T18:59:32+00:00,Python,TER,buy,358.8,378.2049865722656,submitted,688aa32b-3aba-483a-88b5-5b81e5db9b00,,102836.91,49908.1,rebalance to target weight 1.8%,rule-based rebalance toward optimizer targets
2026-07-21T18:59:32+00:00,Python,TRGP,buy,143.72,280.1199951171875,submitted,1ac0986f-1c32-4ce9-a2a3-e7ea2902b1a0,,102836.91,49908.1,rebalance to target weight 4.9%,rule-based rebalance toward optimizer targets
2026-07-21T18:59:32+00:00,Python,WDC,buy,247.37,546.489990234375,submitted,518a1cee-d958-4236-a92b-e370eff6e93b,,102836.91,49908.1,rebalance to target weight 1.8%,rule-based rebalance toward optimizer targets
2026-07-22T18:47:24+00:00,Python,AMD,sell,38.47,556.0,submitted,be49e37a-518d-489f-8991-43a83796e04c,,103232.37,42593.15,rebalance to target weight 1.9%,rule-based rebalance toward optimizer targets
2026-07-22T18:47:24+00:00,Python,DELL,sell,173.02,440.125,submitted,c5873b04-3f36-4eec-be2a-15f6b69a84c0,,103232.37,42593.15,rebalance to target weight 2.0%,rule-based rebalance toward optimizer targets
2026-07-22T18:47:24+00:00,Python,HPE,sell,102.59,48.34000015258789,submitted,ceda3815-e843-4abb-829f-1dd685470dc5,,103232.37,42593.15,rebalance to target weight 2.6%,rule-based rebalance toward optimizer targets
2026-07-22T18:47:25+00:00,Python,HST,sell,26.4,24.5,submitted,e72d927b-7a1b-43d9-b17c-654691548178,,103232.37,42593.15,rebalance to target weight 5.6%,rule-based rebalance toward optimizer targets
2026-07-22T18:47:25+00:00,Python,STLD,sell,54.08,238.41000366210935,submitted,5ac0afa9-a3ba-4a7d-9b38-18d0a254e334,,103232.37,42593.15,rebalance to target weight 3.8%,rule-based rebalance toward optimizer targets
2026-07-22T18:47:25+00:00,Python,STX,sell,25.62,904.9099731445312,submitted,55ebc0cf-9524-4810-b29b-8e3e5f8ed909,,103232.37,42593.15,rebalance to target weight 1.9%,rule-based rebalance toward optimizer targets
2026-07-22T18:47:25+00:00,Python,TRGP,sell,32.67,283.0249938964844,submitted,25a19692-d831-4a54-bd46-2dbabdbb933d,,103232.37,42593.15,rebalance to target weight 4.9%,rule-based rebalance toward optimizer targets
2026-07-22T18:47:25+00:00,Python,WDC,sell,28.54,556.969970703125,submitted,74ad38d2-ff6b-4774-be7e-99092f647053,,103232.37,42593.15,rebalance to target weight 1.8%,rule-based rebalance toward optimizer targets
2026-07-22T18:47:25+00:00,Python,AMAT,buy,34.05,560.4249877929688,submitted,9f7e41f5-e2a8-475e-b1ce-51692be49842,,103232.37,42593.15,rebalance to target weight 2.4%,rule-based rebalance toward optimizer targets
2026-07-22T18:47:25+00:00,Python,CNC,buy,37.51,66.58499908447266,submitted,418d36fe-dbe5-4059-ad7c-06fae31763c2,,103232.37,42593.15,rebalance to target weight 2.6%,rule-based rebalance toward optimizer targets
2026-07-22T18:47:25+00:00,Python,GLW,buy,79.63,156.54010009765625,submitted,1db22678-ff83-41d0-adb5-6679c36a82c9,,103232.37,42593.15,rebalance to target weight 2.0%,rule-based rebalance toward optimizer targets
2026-07-22T18:47:25+00:00,Python,HUM,buy,49.78,399.3900146484375,submitted,7d70d27d-e3dc-48b6-93ef-ed6e63b43477,,103232.37,42593.15,rebalance to target weight 2.7%,rule-based rebalance toward optimizer targets
2026-07-22T18:47:25+00:00,Python,INTC,buy,26.28,103.91000366210938,submitted,7e0d5140-dede-4631-b933-636065d7ffaa,,103232.37,42593.15,rebalance to target weight 1.7%,rule-based rebalance toward optimizer targets
2026-07-22T18:47:25+00:00,Python,TER,buy,42.3,371.1549987792969,submitted,44952a06-96ce-409d-be44-f084a825f7c1,,103232.37,42593.15,rebalance to target weight 1.8%,rule-based rebalance toward optimizer targets
2026-07-23T18:50:19+00:00,Python,MU,sell,28.83,988.780029296875,submitted,7221d6ae-b31d-421e-a856-96b1d273a7fb,,102918.07,42804.89,rebalance to target weight 1.8%,rule-based rebalance toward optimizer targets
2026-07-23T18:50:19+00:00,Python,NUE,sell,120.73,240.3800048828125,submitted,b68015ae-b3bf-4924-961c-5ef710b06426,,102918.07,42804.89,rebalance to target weight 4.5%,rule-based rebalance toward optimizer targets
2026-07-23T18:50:19+00:00,Python,STLD,sell,33.08,239.67999267578125,submitted,b87fd23c-f6f2-4cd7-9d8f-8459465e8d43,,102918.07,42804.89,rebalance to target weight 3.8%,rule-based rebalance toward optimizer targets
2026-07-23T18:50:19+00:00,Python,STX,sell,46.82,923.5150146484376,submitted,1807f3e0-d779-42a7-a5e5-486b3392dbc3,,102918.07,42804.89,rebalance to target weight 1.9%,rule-based rebalance toward optimizer targets
2026-07-23T18:50:19+00:00,Python,TRGP,sell,68.55,286.0249938964844,submitted,e57b5dec-65d4-4756-a435-f991ee713ff6,,102918.07,42804.89,rebalance to target weight 4.9%,rule-based rebalance toward optimizer targets
2026-07-23T18:50:19+00:00,Python,WDC,sell,28.18,563.6699829101562,submitted,b16863da-df66-4d9b-9998-d64f43921467,,102918.07,42804.89,rebalance to target weight 1.8%,rule-based rebalance toward optimizer targets
2026-07-23T18:50:20+00:00,Python,AMD,buy,67.85,535.5599975585938,submitted,80acdcf0-986c-467b-9ead-04674c22b6a2,,102918.07,42804.89,rebalance to target weight 1.9%,rule-based rebalance toward optimizer targets
2026-07-23T18:50:20+00:00,Python,CNC,buy,94.82,64.06999969482422,submitted,18b3cee5-3c4f-419c-8120-e6c89227755d,,102918.07,42804.89,rebalance to target weight 2.6%,rule-based rebalance toward optimizer targets
2026-07-23T18:50:20+00:00,Python,HPE,buy,30.65,47.650001525878906,submitted,c73effd5-1b37-412b-afe6-073295e21ab9,,102918.07,42804.89,rebalance to target weight 2.6%,rule-based rebalance toward optimizer targets
2026-07-23T18:50:20+00:00,Python,HST,buy,106.11,23.975000381469727,submitted,adb0b833-ef93-4483-bf34-a2327dec2f36,,102918.07,42804.89,rebalance to target weight 5.6%,rule-based rebalance toward optimizer targets
2026-07-23T18:50:20+00:00,Python,HUM,buy,40.25,392.3900146484375,submitted,e41869b6-8857-4fda-9889-8ab1c52f8e48,,102918.07,42804.89,rebalance to target weight 2.7%,rule-based rebalance toward optimizer targets
2026-07-23T18:50:20+00:00,Python,INTC,buy,69.84,99.55049896240234,submitted,76bb84ca-9f8f-4416-bc72-ff2408eb0cc1,,102918.07,42804.89,rebalance to target weight 1.7%,rule-based rebalance toward optimizer targets
2026-07-23T18:50:20+00:00,Python,JBHT,buy,44.58,289.04998779296875,submitted,6edd19a6-c0b7-4046-ac86-70a4c55d5b60,,102918.07,42804.89,rebalance to target weight 3.5%,rule-based rebalance toward optimizer targets
2026-07-23T18:50:20+00:00,Python,KEYS,buy,35.44,325.5299987792969,submitted,719c65c4-3e6d-465b-b7d0-fe9889968851,,102918.07,42804.89,rebalance to target weight 3.2%,rule-based rebalance toward optimizer targets
2026-07-23T18:50:20+00:00,Python,LRCX,buy,26.53,318.2149963378906,submitted,499a6ec9-2bde-4912-83a4-7309781f80e8,,102918.07,42804.89,rebalance to target weight 2.3%,rule-based rebalance toward optimizer targets
2026-07-24T19:59:00+00:00,Python,GLW,sell,1963.77,146.57000732421875,submitted,88aaeb89-dc2f-4fa9-92b8-efb169098c23,,102014.61,42614.64,exit: no longer in target portfolio,rule-based rebalance toward optimizer targets
2026-07-24T19:59:00+00:00,Python,KEYS,sell,3211.5,319.19000244140625,submitted,9e4614f3-230d-4a07-a13a-52d292440a16,,102014.61,42614.64,exit: no longer in target portfolio,rule-based rebalance toward optimizer targets
2026-07-24T19:59:00+00:00,Python,STLD,sell,4058.61,246.99400329589844,submitted,40ad1327-2211-46b9-9a07-e5463e849f92,,102014.61,42614.64,exit: no longer in target portfolio,rule-based rebalance toward optimizer targets
2026-07-24T19:59:00+00:00,Python,AMAT,buy,327.81,535.52001953125,submitted,36caf9a5-23d4-49f2-8c5a-f4d30056ba2f,,102014.61,42614.64,rebalance to target weight 2.6%,rule-based rebalance toward optimizer targets
2026-07-24T19:59:00+00:00,Python,AMD,buy,246.94,520.8200073242188,submitted,187ef20d-617a-4ab6-ba4f-60879c5a6bf1,,102014.61,42614.64,rebalance to target weight 2.2%,rule-based rebalance toward optimizer targets
2026-07-24T19:59:00+00:00,Python,CNC,buy,326.18,63.36000061035156,submitted,a4ebfb20-59d1-4903-91db-323fccfbf910,,102014.61,42614.64,rebalance to target weight 3.0%,rule-based rebalance toward optimizer targets
2026-07-24T19:59:00+00:00,Python,CVS,buy,4908.23,107.63999938964844,submitted,7fa7994c-6658-4342-8cbc-4d2ec9125b28,,102014.61,42614.64,rebalance to target weight 4.8%,rule-based rebalance toward optimizer targets
2026-07-24T19:59:01+00:00,Python,DELL,buy,208.41,435.80999755859375,submitted,ebd78074-c9f8-4e45-937c-a46b3f83b55f,,102014.61,42614.64,rebalance to target weight 2.2%,rule-based rebalance toward optimizer targets
2026-07-24T19:59:01+00:00,Python,FRT,buy,8862.26,126.11000061035156,submitted,2a83179b-12c9-4789-9ff0-590dcc5c7f86,,102014.61,42614.64,rebalance to target weight 8.7%,rule-based rebalance toward optimizer targets
2026-07-24T19:59:01+00:00,Python,HPE,buy,272.98,47.61000061035156,submitted,1fde7b43-ff66-403c-8263-5ebd3ba45de8,,102014.61,42614.64,rebalance to target weight 2.9%,rule-based rebalance toward optimizer targets
2026-07-24T19:59:01+00:00,Python,HST,buy,442.82,24.475000381469727,submitted,babe9249-bde2-4750-8578-2b48907a6a20,,102014.61,42614.64,rebalance to target weight 6.2%,rule-based rebalance toward optimizer targets
2026-07-24T19:59:01+00:00,Python,HUM,buy,320.1,388.4299926757813,submitted,ed361303-fac1-4bb5-b46c-5962632a0daa,,102014.61,42614.64,rebalance to target weight 3.0%,rule-based rebalance toward optimizer targets
2026-07-24T19:59:01+00:00,Python,INTC,buy,289.16,92.33499908447266,submitted,c9126e6d-877c-4c90-a7fb-6669f603fe49,,102014.61,42614.64,rebalance to target weight 1.9%,rule-based rebalance toward optimizer targets
2026-07-24T19:59:01+00:00,Python,JBHT,buy,399.55,288.2200012207031,submitted,d5f194fa-d4c7-4623-8e08-f04c2b899343,,102014.61,42614.64,rebalance to target weight 3.9%,rule-based rebalance toward optimizer targets
2026-07-24T19:59:01+00:00,Python,LRCX,buy,330.85,304.5799865722656,submitted,4a06f98f-a212-4236-854b-1928e63ec371,,102014.61,42614.64,rebalance to target weight 2.5%,rule-based rebalance toward optimizer targets
2026-07-24T19:59:01+00:00,Python,MU,buy,287.22,917.3900146484376,submitted,89596b12-dbbe-4bcc-af0b-edf0574d23f4,,102014.61,42614.64,rebalance to target weight 1.9%,rule-based rebalance toward optimizer targets
2026-07-24T19:59:01+00:00,Python,NUE,buy,305.15,247.81500244140625,submitted,f9278c9a-988c-4cc2-b972-c22edf3851ec,,102014.61,42614.64,rebalance to target weight 4.9%,rule-based rebalance toward optimizer targets
2026-07-24T19:59:01+00:00,Python,STT,buy,574.62,185.1024932861328,submitted,3cbfb4b3-5009-404f-93a7-27e232a19d2d,,102014.61,42614.64,rebalance to target weight 6.2%,rule-based rebalance toward optimizer targets
2026-07-24T19:59:01+00:00,Python,STX,buy,328.42,850.489990234375,submitted,a7781110-0903-4c8f-a63d-d2e511150bf9,,102014.61,42614.64,rebalance to target weight 2.1%,rule-based rebalance toward optimizer targets
2026-07-24T19:59:01+00:00,Python,TER,buy,267.96,348.82000732421875,submitted,1db3e0b7-3435-4eb3-92f2-bac1de42f7a9,,102014.61,42614.64,rebalance to target weight 2.0%,rule-based rebalance toward optimizer targets
2026-07-24T19:59:01+00:00,Python,TRGP,buy,691.55,281.7250061035156,submitted,b704e1e6-0d47-4bc3-8072-b154d01e189e,,102014.61,42614.64,rebalance to target weight 5.5%,rule-based rebalance toward optimizer targets
2026-07-24T19:59:01+00:00,Python,UNH,buy,3849.36,420.1600036621094,submitted,6157be2a-742b-41ef-ab80-b5f5960cb6e6,,102014.61,42614.64,rebalance to target weight 3.8%,rule-based rebalance toward optimizer targets
2026-07-24T19:59:01+00:00,Python,WDC,buy,305.76,519.385009765625,submitted,d6493550-9521-46b5-bc11-e34668633b3a,,102014.61,42614.64,rebalance to target weight 2.0%,rule-based rebalance toward optimizer targets
2026-07-27T19:04:57+00:00,Python,CNC,sell,75.87,64.25,submitted,4ac69764-44c6-4523-9a52-814369b622cb,,100883.23,28299.29,rebalance to target weight 3.0%,rule-based rebalance toward optimizer targets
2026-07-27T19:04:57+00:00,Python,CVS,sell,49.42,107.52999877929688,submitted,ee880784-5d1f-4946-b205-1fcb2d9ef662,,100883.23,28299.29,rebalance to target weight 4.8%,rule-based rebalance toward optimizer targets
2026-07-27T19:04:57+00:00,Python,FRT,sell,169.27,127.12000274658205,submitted,927bbfbc-1826-40db-866c-ebc9b52673d8,,100883.23,28299.29,rebalance to target weight 8.7%,rule-based rebalance toward optimizer targets
2026-07-27T19:04:57+00:00,Python,HST,sell,152.66,24.795000076293945,submitted,da611697-9098-4455-ab1a-40a1838db6d3,,100883.23,28299.29,rebalance to target weight 6.2%,rule-based rebalance toward optimizer targets
2026-07-27T19:04:57+00:00,Python,AMAT,buy,81.01,513.469970703125,submitted,b45ba866-a430-41fa-92ac-8b29ade2a4b2,,100883.23,28299.29,rebalance to target weight 2.6%,rule-based rebalance toward optimizer targets
2026-07-27T19:04:58+00:00,Python,AMD,buy,108.45,489.3500061035156,submitted,35bb64f4-0260-492d-a206-b3094ddbcd8f,,100883.23,28299.29,rebalance to target weight 2.2%,rule-based rebalance toward optimizer targets
2026-07-27T19:04:58+00:00,Python,DELL,buy,44.31,422.2449951171875,submitted,9ecaac60-2d88-4c4f-8abd-2f1087b079c7,,100883.23,28299.29,rebalance to target weight 2.2%,rule-based rebalance toward optimizer targets
2026-07-27T19:04:58+00:00,Python,JBHT,buy,80.69,279.1400146484375,submitted,5505809e-f063-4928-b072-085f080d1da9,,100883.23,28299.29,rebalance to target weight 3.9%,rule-based rebalance toward optimizer targets
2026-07-27T19:04:58+00:00,Python,LRCX,buy,99.07,289.4280090332031,submitted,6e3a2f9c-d5b5-421d-bdc1-1e54669bcc70,,100883.23,28299.29,rebalance to target weight 2.5%,rule-based rebalance toward optimizer targets
2026-07-27T19:04:58+00:00,Python,MU,buy,33.18,891.719970703125,submitted,a66ebaf2-dcdd-4271-8a60-9129f73c3d16,,100883.23,28299.29,rebalance to target weight 1.9%,rule-based rebalance toward optimizer targets
2026-07-27T19:04:58+00:00,Python,STX,buy,72.98,812.1900024414062,submitted,4c0a4b58-cf6e-4da6-aaef-bb9b706a1a7d,,100883.23,28299.29,rebalance to target weight 2.1%,rule-based rebalance toward optimizer targets
2026-07-27T19:04:58+00:00,Python,TER,buy,68.03,333.3349914550781,submitted,d20ecf1c-d8c1-4a81-9d17-9c80f57b6240,,100883.23,28299.29,rebalance to target weight 2.0%,rule-based rebalance toward optimizer targets
2026-07-27T19:04:58+00:00,Python,TRGP,buy,170.12,270.0799865722656,submitted,11dad503-d521-4f67-867b-e1cc4cbe58bf,,100883.23,28299.29,rebalance to target weight 5.5%,rule-based rebalance toward optimizer targets
2026-07-27T19:04:58+00:00,Python,WDC,buy,71.91,495.1465148925781,submitted,3d911687-aa06-4a17-876c-befd68f5373a,,100883.23,28299.29,rebalance to target weight 2.0%,rule-based rebalance toward optimizer targets
2026-07-28T19:00:12+00:00,Python,CVS,sell,130.81,109.29000091552734,submitted,45169763-54b3-405a-aac9-db33e8851231,,99815.68,27915.86,rebalance to target weight 4.8%,rule-based rebalance toward optimizer targets
2026-07-28T19:00:12+00:00,Python,FRT,sell,92.05,127.11000061035156,submitted,5461e722-535e-47c6-bd01-300dec6abde4,,99815.68,27915.86,rebalance to target weight 8.7%,rule-based rebalance toward optimizer targets
2026-07-28T19:00:12+00:00,Python,HST,sell,207.2,25.354999542236328,submitted,6af37484-0640-48ed-8d10-204520ba4671,,99815.68,27915.86,rebalance to target weight 6.2%,rule-based rebalance toward optimizer targets
2026-07-28T19:00:12+00:00,Python,HUM,sell,61.9,387.9100036621094,submitted,da1ec9d1-90a1-44ba-9185-ed0c7aa62ab4,,99815.68,27915.86,rebalance to target weight 3.0%,rule-based rebalance toward optimizer targets
2026-07-28T19:00:12+00:00,Python,JBHT,sell,27.24,278.1300048828125,submitted,9c56235f-3c7d-4b47-b7f1-ec06457b913d,,99815.68,27915.86,rebalance to target weight 3.9%,rule-based rebalance toward optimizer targets
2026-07-28T19:00:12+00:00,Python,NUE,sell,400.43,262.1400146484375,submitted,26707143-0a7f-46a0-836e-dcf993eb4fd3,,99815.68,27915.86,rebalance to target weight 4.9%,rule-based rebalance toward optimizer targets
2026-07-28T19:00:12+00:00,Python,STT,sell,28.63,181.9550018310547,submitted,6d0d4108-6a3e-46ce-b8af-5d2281d47990,,99815.68,27915.86,rebalance to target weight 6.2%,rule-based rebalance toward optimizer targets
2026-07-28T19:00:12+00:00,Python,UNH,sell,171.63,429.8349914550781,submitted,d9594b11-9b2b-49ed-ab0f-12c385a59ba8,,99815.68,27915.86,rebalance to target weight 3.8%,rule-based rebalance toward optimizer targets
2026-07-28T19:00:12+00:00,Python,AMAT,buy,159.72,477.2300109863281,submitted,3e061cc8-8386-4e06-b054-5dcc9ee60352,,99815.68,27915.86,rebalance to target weight 2.6%,rule-based rebalance toward optimizer targets
2026-07-28T19:00:13+00:00,Python,AMD,buy,119.36,457.2999877929688,submitted,82339e21-f0e0-4dd1-8325-577c7f703882,,99815.68,27915.86,rebalance to target weight 2.2%,rule-based rebalance toward optimizer targets
2026-07-28T19:00:13+00:00,Python,DELL,buy,155.38,387.7749938964844,submitted,1ebaed2b-80e2-4975-83f1-ca11f0e83abe,,99815.68,27915.86,rebalance to target weight 2.2%,rule-based rebalance toward optimizer targets
2026-07-28T19:00:13+00:00,Python,HPE,buy,110.81,44.81999969482422,submitted,23303e27-efe6-4b25-b3e3-8c979603c659,,99815.68,27915.86,rebalance to target weight 2.9%,rule-based rebalance toward optimizer targets
2026-07-28T19:00:13+00:00,Python,INTC,buy,80.51,86.52999877929688,submitted,34143bb0-a28e-4f78-bc04-0a86f06792d7,,99815.68,27915.86,rebalance to target weight 1.9%,rule-based rebalance toward optimizer targets
2026-07-28T19:00:13+00:00,Python,LRCX,buy,135.0,270.95001220703125,submitted,80ed267b-b4c8-42f2-91d4-a53abb1d2ed6,,99815.68,27915.86,rebalance to target weight 2.5%,rule-based rebalance toward optimizer targets
2026-07-28T19:00:13+00:00,Python,MU,buy,130.28,822.510009765625,submitted,35f94aad-17b2-4310-98ed-004d92823a3d,,99815.68,27915.86,rebalance to target weight 1.9%,rule-based rebalance toward optimizer targets
2026-07-28T19:00:13+00:00,Python,STX,buy,145.05,748.1500244140625,submitted,2948b5e2-547f-41ed-919d-6d2a75502af5,,99815.68,27915.86,rebalance to target weight 2.1%,rule-based rebalance toward optimizer targets
2026-07-28T19:00:13+00:00,Python,TER,buy,100.44,313.2349853515625,submitted,d526cb46-b53d-4616-8d7f-14617777f543,,99815.68,27915.86,rebalance to target weight 2.0%,rule-based rebalance toward optimizer targets
2026-07-28T19:00:13+00:00,Python,TRGP,buy,79.53,263.3599853515625,submitted,a182258d-dbde-48ae-8f07-5cd81cd4ada0,,99815.68,27915.86,rebalance to target weight 5.5%,rule-based rebalance toward optimizer targets
2026-07-28T19:00:13+00:00,Python,WDC,buy,136.6,456.0700073242188,submitted,e1234e43-1e9f-4e87-8d93-1f6013f856a9,,99815.68,27915.86,rebalance to target weight 2.0%,rule-based rebalance toward optimizer targets
2026-07-29T18:16:54+00:00,Python,HPE,sell,2998.59,45.91999816894531,submitted,7ae11f38-9b3c-47da-afb4-6ac3239faf67,,99091.73,27681.3,exit: no longer in target portfolio,rule-based rebalance toward optimizer targets
2026-07-29T18:16:54+00:00,Python,HUM,sell,2782.64,360.3049926757813,submitted,dd1e24d3-804c-4c6a-a1df-984d74704f12,,99091.73,27681.3,exit: no longer in target portfolio,rule-based rebalance toward optimizer targets
2026-07-29T18:16:54+00:00,Python,STX,sell,120.56,798.2000122070312,submitted,33eea99b-d8ed-43a3-85a7-5be8d435d039,,99091.73,27681.3,rebalance to target weight 2.1%,rule-based rebalance toward optimizer targets
2026-07-29T18:16:54+00:00,Python,TER,sell,130.61,339.3099975585937,submitted,134005cb-1df4-4691-92a0-820a1e241fef,,99091.73,27681.3,rebalance to target weight 2.1%,rule-based rebalance toward optimizer targets
2026-07-29T18:16:54+00:00,Python,TRGP,sell,5545.75,265.3800048828125,submitted,b74feff3-2123-423a-903c-6d44b1d873aa,,99091.73,27681.3,exit: no longer in target portfolio,rule-based rebalance toward optimizer targets
2026-07-29T18:16:54+00:00,Python,WDC,sell,89.1,483.4949951171875,submitted,b25918ae-dd0b-4437-b022-8614f4adb610,,99091.73,27681.3,rebalance to target weight 2.0%,rule-based rebalance toward optimizer targets
2026-07-29T18:16:54+00:00,Python,AMAT,buy,141.76,455.2349853515625,submitted,a2b923fb-b797-4f66-8e72-e605d34e1421,,99091.73,27681.3,rebalance to target weight 2.7%,rule-based rebalance toward optimizer targets
2026-07-29T18:16:54+00:00,Python,AMD,buy,98.1,442.6549987792969,submitted,554a15fd-bafc-4c32-be37-a017e2ad14a6,,99091.73,27681.3,rebalance to target weight 2.2%,rule-based rebalance toward optimizer targets
2026-07-29T18:16:54+00:00,Python,CNC,buy,237.76,61.81999969482422,submitted,4706268a-e4ee-4795-95d8-26d703ae7842,,99091.73,27681.3,rebalance to target weight 3.1%,rule-based rebalance toward optimizer targets
2026-07-29T18:16:54+00:00,Python,CVS,buy,301.71,106.77999877929688,submitted,18067f69-18db-492f-a092-476328607f4f,,99091.73,27681.3,rebalance to target weight 5.0%,rule-based rebalance toward optimizer targets
2026-07-29T18:16:54+00:00,Python,DELL,buy,77.45,379.135009765625,submitted,892142e3-962c-4220-952b-b494fef24309,,99091.73,27681.3,rebalance to target weight 2.2%,rule-based rebalance toward optimizer targets
2026-07-29T18:16:54+00:00,Python,DVA,buy,3609.75,240.4199981689453,submitted,81b1e485-e49a-4b95-b796-0e19f5bcd30a,,99091.73,27681.3,rebalance to target weight 3.6%,rule-based rebalance toward optimizer targets
2026-07-29T18:16:54+00:00,Python,FRT,buy,300.23,126.0999984741211,submitted,680c1465-da50-4806-9b8b-cbf280cdbc40,,99091.73,27681.3,rebalance to target weight 9.0%,rule-based rebalance toward optimizer targets
2026-07-29T18:16:54+00:00,Python,HST,buy,55.29,25.63999938964844,submitted,e1d7ea2e-8170-4b84-843a-b8bc3e835eed,,99091.73,27681.3,rebalance to target weight 6.4%,rule-based rebalance toward optimizer targets
2026-07-29T18:16:54+00:00,Python,INTC,buy,90.83,84.83000183105469,submitted,c5d47191-9a0e-4156-bd1a-fab35c7e050c,,99091.73,27681.3,rebalance to target weight 2.0%,rule-based rebalance toward optimizer targets
2026-07-29T18:16:54+00:00,Python,JBHT,buy,121.26,274.3299865722656,submitted,dacfdad6-cf07-44b7-9a10-61f19b020c12,,99091.73,27681.3,rebalance to target weight 4.0%,rule-based rebalance toward optimizer targets
2026-07-29T18:16:54+00:00,Python,LRCX,buy,116.42,260.9725036621094,submitted,84efe3b7-95d3-4d71-9416-c305d1ddc799,,99091.73,27681.3,rebalance to target weight 2.6%,rule-based rebalance toward optimizer targets
2026-07-29T18:16:54+00:00,Python,MU,buy,138.21,772.8950805664062,submitted,d078fd33-9a1e-4ea3-95fb-b72c4013ebf9,,99091.73,27681.3,rebalance to target weight 2.0%,rule-based rebalance toward optimizer targets
2026-07-29T18:16:54+00:00,Python,NUE,buy,90.25,257.6299133300781,submitted,ff4dafb8-5117-451c-a32e-d4940343dbfa,,99091.73,27681.3,rebalance to target weight 5.0%,rule-based rebalance toward optimizer targets
2026-07-29T18:16:54+00:00,Python,STT,buy,227.32,178.72999572753906,submitted,a24dee7f-5404-41b1-83ad-4bd66adb3504,,99091.73,27681.3,rebalance to target weight 6.3%,rule-based rebalance toward optimizer targets
2026-07-29T18:16:54+00:00,Python,UNH,buy,172.83,422.3949890136719,submitted,18ecee1f-8151-4a5b-84c8-7a2ffb02b375,,99091.73,27681.3,rebalance to target weight 3.9%,rule-based rebalance toward optimizer targets
2026-07-29T18:16:54+00:00,Python,VLO,buy,4271.21,303.5849914550781,submitted,d0d1a667-0a52-47cb-bae6-80da126833fc,,99091.73,27681.3,rebalance to target weight 4.3%,rule-based rebalance toward optimizer targets
2026-07-29T18:16:54+00:00,Python,VTRS,buy,4685.03,17.905000686645508,submitted,981e8420-3d41-47bd-a514-2792e4914f5d,,99091.73,27681.3,rebalance to target weight 4.7%,rule-based rebalance toward optimizer targets
2026-07-30T19:05:24+00:00,Python,AMAT,sell,201.67,496.80999755859375,submitted,144d73df-3d4f-4902-b652-32ef49e49a82,,100613.44,24596.81,rebalance to target weight 2.7%,rule-based rebalance toward optimizer targets
2026-07-30T19:05:24+00:00,Python,AMD,sell,185.18,487.05999755859375,submitted,1b031bfd-003d-43ec-8d74-aaa77ad4b6b5,,100613.44,24596.81,rebalance to target weight 2.2%,rule-based rebalance toward optimizer targets
2026-07-30T19:05:24+00:00,Python,DELL,sell,128.76,407.2200012207031,submitted,4f602f1d-3d9d-4c0d-9dae-060bc74563d8,,100613.44,24596.81,rebalance to target weight 2.2%,rule-based rebalance toward optimizer targets
2026-07-30T19:05:24+00:00,Python,INTC,sell,122.01,91.41259765625,submitted,4e7e129f-1d24-4812-a9e1-cc4e63b2301b,,100613.44,24596.81,rebalance to target weight 2.0%,rule-based rebalance toward optimizer targets
2026-07-30T19:05:24+00:00,Python,LRCX,sell,312.3,297.1700134277344,submitted,7964af96-d472-4272-9f0a-ce44e0a6ceb0,,100613.44,24596.81,rebalance to target weight 2.6%,rule-based rebalance toward optimizer targets
2026-07-30T19:05:24+00:00,Python,MU,sell,212.81,869.3300170898438,submitted,55b908e3-6e49-470e-a4a0-0665789aaf30,,100613.44,24596.81,rebalance to target weight 2.0%,rule-based rebalance toward optimizer targets
2026-07-30T19:05:24+00:00,Python,STX,sell,82.57,841.4918212890625,submitted,1bd9245d-963f-49f8-a79e-c947e9de4092,,100613.44,24596.81,rebalance to target weight 2.1%,rule-based rebalance toward optimizer targets
2026-07-30T19:05:24+00:00,Python,TER,sell,112.56,363.2900085449219,submitted,66113030-d88b-45ed-9aeb-f0e61bde97d4,,100613.44,24596.81,rebalance to target weight 2.1%,rule-based rebalance toward optimizer targets
2026-07-30T19:05:24+00:00,Python,WDC,sell,158.68,529.1400146484375,submitted,9448dd1a-1d08-462d-97fc-5b68b0c16dad,,100613.44,24596.81,rebalance to target weight 2.0%,rule-based rebalance toward optimizer targets
2026-07-30T19:05:24+00:00,Python,CNC,buy,99.57,60.790000915527344,submitted,8d1d2926-6de0-49e9-8ddf-5c40e182784f,,100613.44,24596.81,rebalance to target weight 3.1%,rule-based rebalance toward optimizer targets
2026-07-30T19:05:24+00:00,Python,CVS,buy,158.77,105.0250015258789,submitted,cdbcbf76-7006-4579-8ddb-28f9dda6e01f,,100613.44,24596.81,rebalance to target weight 5.0%,rule-based rebalance toward optimizer targets
2026-07-30T19:05:24+00:00,Python,DVA,buy,63.53,239.8800048828125,submitted,5cc53a9a-6dd3-4985-a154-a8fb6c87f334,,100613.44,24596.81,rebalance to target weight 3.6%,rule-based rebalance toward optimizer targets
2026-07-30T19:05:24+00:00,Python,FRT,buy,280.74,124.05999755859376,submitted,cde899fe-3a76-4dfc-8a62-ee00da5601c8,,100613.44,24596.81,rebalance to target weight 9.0%,rule-based rebalance toward optimizer targets
2026-07-30T19:05:24+00:00,Python,HST,buy,253.01,25.0049991607666,submitted,66d63783-894c-44c6-8b83-4f39fbe3ae07,,100613.44,24596.81,rebalance to target weight 6.4%,rule-based rebalance toward optimizer targets
2026-07-30T19:05:24+00:00,Python,JBHT,buy,149.43,268.1300048828125,submitted,c5c840ff-02ea-4971-a7fc-da1bb662f772,,100613.44,24596.81,rebalance to target weight 4.0%,rule-based rebalance toward optimizer targets
2026-07-30T19:05:24+00:00,Python,NUE,buy,60.74,258.4200134277344,submitted,b0f24756-a904-4e6e-b8f3-bc766426e800,,100613.44,24596.81,rebalance to target weight 5.0%,rule-based rebalance toward optimizer targets
2026-07-30T19:05:24+00:00,Python,UNH,buy,49.52,423.4800109863281,submitted,abf9fc07-536d-4e53-a3d5-fa77ee6669a7,,100613.44,24596.81,rebalance to target weight 3.9%,rule-based rebalance toward optimizer targets
2026-07-30T19:05:24+00:00,Python,VTRS,buy,124.28,17.704999923706055,submitted,4bae5c76-360f-42d7-829c-dfe45947b316,,100613.44,24596.81,rebalance to target weight 4.7%,rule-based rebalance toward optimizer targets
2026-07-31T19:00:44+00:00,Python,AMAT,sell,88.45,516.2009887695312,submitted,12ca9668-3be3-4796-ae84-3ce6ed95da58,,101239.04,24874.41,rebalance to target weight 2.7%,rule-based rebalance toward optimizer targets
2026-07-31T19:00:45+00:00,Python,CNC,sell,57.76,62.27999877929688,submitted,dbfa6b11-792d-4983-96e9-ed92eb34a4d5,,101239.04,24874.41,rebalance to target weight 3.1%,rule-based rebalance toward optimizer targets
2026-07-31T19:00:45+00:00,Python,JBHT,sell,42.38,272.6400146484375,submitted,63b8de6d-7627-485d-bd58-dc45c82ea710,,101239.04,24874.41,rebalance to target weight 4.0%,rule-based rebalance toward optimizer targets
2026-07-31T19:00:45+00:00,Python,STT,sell,58.68,184.2749938964844,submitted,4bd2a64d-f867-4041-b053-db972653726f,,101239.04,24874.41,rebalance to target weight 6.3%,rule-based rebalance toward optimizer targets
2026-07-31T19:00:45+00:00,Python,STX,sell,71.32,874.5599975585938,submitted,4886f253-d8e3-4c29-bc3d-c6255943c780,,101239.04,24874.41,rebalance to target weight 2.1%,rule-based rebalance toward optimizer targets
2026-07-31T19:00:45+00:00,Python,TER,sell,69.34,377.739990234375,submitted,35668f25-71e3-4074-8bf5-2fcdb7b53685,,101239.04,24874.41,rebalance to target weight 2.1%,rule-based rebalance toward optimizer targets
2026-07-31T19:00:45+00:00,Python,WDC,sell,87.74,555.2100219726562,submitted,988e6556-2877-4ae8-bf81-220d08647c90,,101239.04,24874.41,rebalance to target weight 2.0%,rule-based rebalance toward optimizer targets
2026-07-31T19:00:45+00:00,Python,CVS,buy,28.39,105.08999633789062,submitted,2063334b-b76b-43ee-94a3-4bfe0e3c02c2,,101239.04,24874.41,rebalance to target weight 5.0%,rule-based rebalance toward optimizer targets
2026-07-31T19:00:45+00:00,Python,MU,buy,87.75,836.1099853515625,submitted,6f6d7eb3-cac5-4c4d-a540-a7873c9d5f5c,,101239.04,24874.41,rebalance to target weight 2.0%,rule-based rebalance toward optimizer targets
2026-07-31T19:00:45+00:00,Python,NUE,buy,45.58,257.67999267578125,submitted,9e2a9cd7-296e-4785-82b6-b1043b626aaf,,101239.04,24874.41,rebalance to target weight 5.0%,rule-based rebalance toward optimizer targets
2026-07-31T19:00:45+00:00,Python,UNH,buy,71.15,418.4549865722656,submitted,6c329705-0d7d-430c-8c10-7dbe57d130a9,,101239.04,24874.41,rebalance to target weight 3.9%,rule-based rebalance toward optimizer targets
2026-07-31T19:00:45+00:00,Python,VTRS,buy,59.13,17.594999313354492,submitted,1a5f1ffe-e553-440e-a9ba-88577aaa197f,,101239.04,24874.41,rebalance to target weight 4.7%,rule-based rebalance toward optimizer targets
2026-08-03T20:19:52+00:00,Python,AMAT,sell,1986.56,518.2100219726562,submitted,f4f4bb04-80e2-4a52-a60f-f158a9b013a2,,100746.81,25057.37,rebalance to target weight 0.7%,rule-based rebalance toward optimizer targets
2026-08-03T20:19:52+00:00,Python,AMD,sell,1182.55,484.6400146484375,submitted,47cf8426-0264-434a-9810-6efb7bfbbc67,,100746.81,25057.37,rebalance to target weight 1.0%,rule-based rebalance toward optimizer targets
2026-08-03T20:19:52+00:00,Python,DELL,sell,1539.81,429.2300109863281,submitted,d7ab2f91-2602-471e-aa87-b7efcb90626d,,100746.81,25057.37,rebalance to target weight 0.8%,rule-based rebalance toward optimizer targets
2026-08-03T20:19:52+00:00,Python,FRT,sell,9009.41,123.6500015258789,submitted,c4054db1-9823-4925-895e-406090b549c4,,100746.81,25057.37,exit: no longer in target portfolio,rule-based rebalance toward optimizer targets
2026-08-03T20:19:52+00:00,Python,INTC,sell,634.35,91.0,submitted,4798bdc4-db57-49e1-8b38-d6289a7ab9df,,100746.81,25057.37,rebalance to target weight 1.3%,rule-based rebalance toward optimizer targets
2026-08-03T20:19:52+00:00,Python,LRCX,sell,2548.61,294.6099853515625,submitted,f45d63ce-d3f8-4722-af1e-691ba19b27d0,,100746.81,25057.37,exit: no longer in target portfolio,rule-based rebalance toward optimizer targets
2026-08-03T20:19:52+00:00,Python,MU,sell,1573.15,829.5,submitted,ce179d97-8069-48eb-b75c-d1d85317a9ba,,100746.81,25057.37,rebalance to target weight 0.4%,rule-based rebalance toward optimizer targets
2026-08-03T20:19:52+00:00,Python,NUE,sell,5119.76,261.2799987792969,submitted,44135f77-17d5-4ec6-bef6-145ee40161fc,,100746.81,25057.37,exit: no longer in target portfolio,rule-based rebalance toward optimizer targets
2026-08-03T20:19:52+00:00,Python,STX,sell,1065.88,831.0599975585938,submitted,a35c7939-1838-4d82-9ea0-fef70730b7e3,,100746.81,25057.37,rebalance to target weight 1.0%,rule-based rebalance toward optimizer targets
2026-08-03T20:19:52+00:00,Python,TER,sell,521.31,365.7999877929688,submitted,77def10d-bd06-490c-8a3c-9e41ec16a632,,100746.81,25057.37,rebalance to target weight 1.5%,rule-based rebalance toward optimizer targets
2026-08-03T20:19:52+00:00,Python,WDC,sell,1201.9,527.219970703125,submitted,835ffa99-eef6-4696-ad92-a7ab265c0b7e,,100746.81,25057.37,rebalance to target weight 0.7%,rule-based rebalance toward optimizer targets
2026-08-03T20:19:52+00:00,Python,CNC,buy,579.97,63.7599983215332,submitted,d89cd1d9-7a95-428e-aae1-80c22625d207,,100746.81,25057.37,rebalance to target weight 3.8%,rule-based rebalance toward optimizer targets
2026-08-03T20:19:52+00:00,Python,CVS,buy,1059.78,105.37000274658205,submitted,44ed5108-4084-410b-baf6-bf49bd57caca,,100746.81,25057.37,rebalance to target weight 6.1%,rule-based rebalance toward optimizer targets
2026-08-03T20:19:52+00:00,Python,DVA,buy,3356.83,233.67999267578125,submitted,4a9fe887-0f23-4215-8dc4-94a327153093,,100746.81,25057.37,rebalance to target weight 6.9%,rule-based rebalance toward optimizer targets
2026-08-03T20:19:52+00:00,Python,FTNT,buy,4019.06,163.2100067138672,submitted,e70ec804-8eed-4ff7-81ec-cd83b388f583,,100746.81,25057.37,rebalance to target weight 4.0%,rule-based rebalance toward optimizer targets
2026-08-03T20:19:52+00:00,Python,HPE,buy,1494.16,50.2599983215332,submitted,208eb770-f111-4933-bb5b-a394070c8d99,,100746.81,25057.37,rebalance to target weight 1.5%,rule-based rebalance toward optimizer targets
2026-08-03T20:19:52+00:00,Python,HST,buy,7613.24,25.09000015258789,submitted,a1672ac7-cdcd-40b1-887a-bb13349b47e7,,100746.81,25057.37,rebalance to target weight 13.9%,rule-based rebalance toward optimizer targets
2026-08-03T20:19:52+00:00,Python,JBHT,buy,4435.58,266.9100036621094,submitted,d02de7cc-1ab2-40b0-b05c-29d4bae6f0c9,,100746.81,25057.37,rebalance to target weight 8.3%,rule-based rebalance toward optimizer targets
2026-08-03T20:19:52+00:00,Python,PANW,buy,5358.56,347.1300048828125,submitted,875671f6-32c4-4bca-8c88-a710b7a4a374,,100746.81,25057.37,rebalance to target weight 5.3%,rule-based rebalance toward optimizer targets
2026-08-03T20:19:52+00:00,Python,STT,buy,4182.23,183.6699981689453,submitted,f0bc61a5-20ac-431e-a7d9-90ab9f49fbd6,,100746.81,25057.37,rebalance to target weight 10.5%,rule-based rebalance toward optimizer targets
2026-08-03T20:19:52+00:00,Python,VLO,buy,5400.01,307.5400085449219,submitted,3b618f7e-f57f-4f05-bd6d-010243a3be37,,100746.81,25057.37,rebalance to target weight 9.7%,rule-based rebalance toward optimizer targets
2026-08-03T20:19:52+00:00,Python,VTRS,buy,7210.15,17.6299991607666,submitted,8de2e372-2b69-4a2e-9518-9cfeec5563bf,,100746.81,25057.37,rebalance to target weight 11.9%,rule-based rebalance toward optimizer targets
2026-08-04T20:13:34+00:00,Python,AMAT,sell,109.66,546.6199951171875,submitted,83363858-3fb3-4d9c-a9e6-7b3785a66a72,,101741.81,17340.18,rebalance to target weight 0.7%,rule-based rebalance toward optimizer targets
2026-08-04T20:13:34+00:00,Python,AMD,sell,267.16,518.5800170898438,submitted,ca944900-e5c6-4bf8-aca9-2cb55662acc1,,101741.81,17340.18,rebalance to target weight 0.8%,rule-based rebalance toward optimizer targets
2026-08-04T20:13:34+00:00,Python,CVS,sell,6119.76,104.41999816894533,submitted,bafde362-8176-49b1-a03f-353ee3aa67ce,,101741.81,17340.18,exit: no longer in target portfolio,rule-based rebalance toward optimizer targets
2026-08-04T20:13:34+00:00,Python,FRT,sell,8951.12,122.8499984741211,submitted,a35eecd4-5822-4989-b988-155592786322,,101741.81,17340.18,exit: no longer in target portfolio,rule-based rebalance toward optimizer targets
2026-08-04T20:13:35+00:00,Python,INTC,sell,549.7,100.86000061035156,submitted,358e6325-48d7-468e-a53b-1c4257674a86,,101741.81,17340.18,rebalance to target weight 0.9%,rule-based rebalance toward optimizer targets
2026-08-04T20:13:35+00:00,Python,JBHT,sell,4049.07,274.4800109863281,submitted,db30ef39-ee4d-48e3-a091-8bd54099b2a5,,101741.81,17340.18,exit: no longer in target portfolio,rule-based rebalance toward optimizer targets
2026-08-04T20:13:35+00:00,Python,STX,sell,202.39,845.3499755859375,submitted,ba0dd7fa-09ce-4683-bea0-f6d0e32a9128,,101741.81,17340.18,rebalance to target weight 0.8%,rule-based rebalance toward optimizer targets
2026-08-04T20:13:35+00:00,Python,TER,sell,852.57,403.55999755859375,submitted,bfadecae-ea26-4ba6-90f1-7349e3efc063,,101741.81,17340.18,rebalance to target weight 0.8%,rule-based rebalance toward optimizer targets
2026-08-04T20:13:35+00:00,Python,UNH,sell,3856.32,407.7099914550781,submitted,db8283ea-fee8-4a60-923a-69a3d468abed,,101741.81,17340.18,exit: no longer in target portfolio,rule-based rebalance toward optimizer targets
2026-08-04T20:13:35+00:00,Python,WDC,sell,32.46,548.5599975585938,submitted,6f7d4b4d-1c83-4508-953b-c064025de6da,,101741.81,17340.18,rebalance to target weight 0.7%,rule-based rebalance toward optimizer targets
2026-08-04T20:13:35+00:00,Python,CNC,buy,1852.75,64.08999633789062,submitted,c32b1713-c83c-446d-b2a4-8f0772b14b87,,101741.81,17340.18,rebalance to target weight 5.6%,rule-based rebalance toward optimizer targets
2026-08-04T20:13:35+00:00,Python,CRWD,buy,3780.85,211.22000122070312,submitted,16885970-901c-4cf1-bf59-533cf4163437,,101741.81,17340.18,rebalance to target weight 3.7%,rule-based rebalance toward optimizer targets
2026-08-04T20:13:35+00:00,Python,DELL,buy,227.56,467.3500061035156,submitted,9fc2eb7e-0c9e-4f06-803e-1bb4c16756e4,,101741.81,17340.18,rebalance to target weight 1.1%,rule-based rebalance toward optimizer targets
2026-08-04T20:13:35+00:00,Python,DVA,buy,1464.6,227.97999572753903,submitted,54ee276b-7a5e-4d26-923d-70e8c2013113,,101741.81,17340.18,rebalance to target weight 8.1%,rule-based rebalance toward optimizer targets
2026-08-04T20:13:35+00:00,Python,FTNT,buy,6144.21,168.2899932861328,submitted,654538c1-3b28-4317-8d75-cc83d58fb86f,,101741.81,17340.18,rebalance to target weight 6.0%,rule-based rebalance toward optimizer targets
2026-08-04T20:13:35+00:00,Python,HPE,buy,1392.59,52.38999938964844,submitted,4659e6dc-eb18-4f88-8317-9dd33928035e,,101741.81,17340.18,rebalance to target weight 2.0%,rule-based rebalance toward optimizer targets
2026-08-04T20:13:35+00:00,Python,HST,buy,138.12,24.979999542236328,submitted,537a2a9f-ffaa-4cc3-af43-e9eec56cdf10,,101741.81,17340.18,rebalance to target weight 13.9%,rule-based rebalance toward optimizer targets
2026-08-04T20:13:35+00:00,Python,LRCX,buy,593.52,317.739990234375,submitted,e9fba25a-3a88-4afc-a0f7-6158a211ed5e,,101741.81,17340.18,rebalance to target weight 0.6%,rule-based rebalance toward optimizer targets
2026-08-04T20:13:35+00:00,Python,MU,buy,258.21,892.6699829101562,submitted,fdfdba3e-7541-43c7-8c28-bc57201568ac,,101741.81,17340.18,rebalance to target weight 0.7%,rule-based rebalance toward optimizer targets
2026-08-04T20:13:35+00:00,Python,NUE,buy,11974.05,274.0299987792969,submitted,841b2afd-62b1-4185-9275-0ba2b959609a,,101741.81,17340.18,rebalance to target weight 11.8%,rule-based rebalance toward optimizer targets
2026-08-04T20:13:35+00:00,Python,PANW,buy,5171.04,366.3399963378906,submitted,ed92fd43-0cb4-43ab-ba18-7d786152fdb1,,101741.81,17340.18,rebalance to target weight 5.1%,rule-based rebalance toward optimizer targets
2026-08-04T20:13:35+00:00,Python,STT,buy,7089.4,185.1300048828125,submitted,e6d23723-a7c8-4570-828a-ff982f05c394,,101741.81,17340.18,rebalance to target weight 13.3%,rule-based rebalance toward optimizer targets
2026-08-04T20:13:35+00:00,Python,VLO,buy,1921.68,308.5599975585937,submitted,cbe1769e-3a28-4b6b-9745-d066d2be26df,,101741.81,17340.18,rebalance to target weight 11.5%,rule-based rebalance toward optimizer targets
2026-08-04T20:13:35+00:00,Python,VTRS,buy,125.15,17.700000762939453,submitted,c090436c-7ef9-4607-bf9f-8587caed14ff,,101741.81,17340.18,rebalance to target weight 12.0%,rule-based rebalance toward optimizer targets
2026-08-05T16:22:20+00:00,Python,AMD,sell,217.88,489.1900024414063,submitted,b7a64cf4-fc05-4e8e-8edd-12f1f8e7e799,,100492.68,-2235.14,rebalance to target weight 0.8%,rule-based rebalance toward optimizer targets
2026-08-05T16:22:20+00:00,Python,CNC,sell,62.83,68.2699966430664,submitted,ea5f370d-ff99-4fc3-80ec-f54aeebd4d95,,100492.68,-2235.14,rebalance to target weight 4.0%,rule-based rebalance toward optimizer targets
2026-08-05T16:22:20+00:00,Python,CRWD,sell,157.9,212.92999267578125,submitted,2e56ffca-7504-4a84-93cf-647c11969f6a,,100492.68,-2235.14,rebalance to target weight 3.6%,rule-based rebalance toward optimizer targets
2026-08-05T16:22:20+00:00,Python,CVS,sell,5806.8,99.07990264892578,rejected_by_broker,,"{""available"":""0"",""code"":40310000,""existing_qty"":""58.6072"",""held_for_orders"":""58.6072"",""message"":""insufficient qty available for order (requested: 58.6072, avail",100492.68,-2235.14,exit: no longer in target portfolio,
2026-08-05T16:22:20+00:00,Python,DVA,sell,6739.4,186.8500061035156,submitted,a7ff392f-8f4b-4171-ac42-f00b2e063ced,,100492.68,-2235.14,exit: no longer in target portfolio,rule-based rebalance toward optimizer targets
2026-08-05T16:22:20+00:00,Python,FRT,sell,5352.72,122.03500366210938,rejected_by_broker,,"{""available"":""0"",""code"":40310000,""existing_qty"":""43.8622"",""held_for_orders"":""43.8622"",""message"":""insufficient qty available for order (requested: 43.8622, avail",100492.68,-2235.14,exit: no longer in target portfolio,
2026-08-05T16:22:21+00:00,Python,FTNT,sell,1932.97,165.8800048828125,submitted,17fe3fa2-634e-4cc5-a5c4-9a482a4cc13b,,100492.68,-2235.14,rebalance to target weight 4.1%,rule-based rebalance toward optimizer targets
2026-08-05T16:22:21+00:00,Python,HST,sell,700.64,25.315000534057617,submitted,d288e84a-6099-4a25-b913-6caddc4f9bf1,,100492.68,-2235.14,rebalance to target weight 13.5%,rule-based rebalance toward optimizer targets
2026-08-05T16:22:21+00:00,Python,MU,sell,31.1,921.5599975585938,submitted,8d026588-b70b-4894-a6a6-489fe3a7d10a,,100492.68,-2235.14,rebalance to target weight 0.7%,rule-based rebalance toward optimizer targets
2026-08-05T16:22:21+00:00,Python,NUE,sell,400.12,274.1650085449219,submitted,fa778134-3463-45d6-aa41-d8d3c51f9ea3,,100492.68,-2235.14,rebalance to target weight 11.5%,rule-based rebalance toward optimizer targets
2026-08-05T16:22:21+00:00,Python,PANW,sell,151.9,364.7449951171875,submitted,4824eff0-e882-4ef9-bccc-028bcfa4ad48,,100492.68,-2235.14,rebalance to target weight 5.0%,rule-based rebalance toward optimizer targets
2026-08-05T16:22:21+00:00,Python,STX,sell,40.07,878.1400146484375,submitted,2e54bacb-819d-4c7a-b7ce-717fc84008a3,,100492.68,-2235.14,rebalance to target weight 0.8%,rule-based rebalance toward optimizer targets
2026-08-05T16:22:21+00:00,Python,VLO,sell,374.77,304.8800048828125,submitted,345c993d-5c49-4bd5-bbed-a4517e46577e,,100492.68,-2235.14,rebalance to target weight 11.1%,rule-based rebalance toward optimizer targets
2026-08-05T16:22:21+00:00,Python,HPE,buy,225.66,53.540000915527344,submitted,e1d70337-3a69-4ce1-a13d-5b09e945bf40,,100492.68,-2235.14,rebalance to target weight 2.0%,rule-based rebalance toward optimizer targets
2026-08-05T16:22:21+00:00,Python,STT,buy,6540.18,187.2050018310547,submitted,d7444bc0-1c0a-4cae-93e8-814fb2fcbfd2,,100492.68,-2235.14,rebalance to target weight 13.0%,rule-based rebalance toward optimizer targets
2026-08-05T16:22:21+00:00,Python,UNH,buy,5969.42,414.3299865722656,submitted,31f3aec2-2cbb-475f-af4f-feece58f539d,,100492.68,-2235.14,rebalance to target weight 5.9%,rule-based rebalance toward optimizer targets
2026-08-05T16:22:21+00:00,Python,VTRS,buy,1330.69,17.655000686645508,submitted,6c26cede-e24c-4170-be59-e43200ee86c1,,100492.68,-2235.14,rebalance to target weight 13.4%,rule-based rebalance toward optimizer targets
